localidad,provincia,region,temporada,max_capturas,mean_capturas,n_lecturas,n_detecciones,target
0,Achiras,CÓRDOBA,2025-2026,0.0,0.0,2,0,0
0,Adelia María,CÓRDOBA,2025-2026,1.0,0.5,2,1,0
0,Anguil 1,LA PAMPA,2025-2026,0.0,0.0,2,0,0
0,Armstrong,SANTA FE,2025-2026,12.0,6.5,2,2,1
0,Arroyo Cabral,CÓRDOBA,2025-2026,0.0,0.0,2,0,0
0,Ballesteros,CÓRDOBA,2025-2026,0.0,0.0,2,0,0
0,Benjamín Gould,CÓRDOBA,2025-2026,0.0,0.0,2,0,0
0,Buchardo,CÓRDOBA,2025-2026,0.0,0.0,2,0,0
0,Buena Esperanza,SAN LUÍS,2025-2026,0.0,0.0,2,0,0
0,Cañada De Gómez,SANTA FE,2025-2026,4.0,2.0,2,1,0
0,Chañar Ladeado,SANTA FE,2025-2026,0.0,0.0,2,0,0
0,Cnel. Baigorria,CÓRDOBA,2025-2026,0.0,0.0,2,0,0
0,Coronel Moldes,CÓRDOBA,2025-2026,0.0,0.0,2,0,0
0,Cuatro Vientos,CÓRDOBA,2025-2026,0.0,0.0,2,0,0
0,General Levalle,CÓRDOBA,2025-2026,0.0,0.0,1,0,0
0,General Pico,LA PAMPA,2025-2026,0.0,0.0,2,0,0
0,General Roca,CÓRDOBA,2025-2026,0.0,0.0,2,0,0
0,Gral. Cabrera,CÓRDOBA,2025-2026,0.0,0.0,2,0,0
0,Guatimozin,CÓRDOBA,2025-2026,0.0,0.0,2,0,0
0,Hughes,SANTA FE,2025-2026,1.0,0.5,2,1,0
0,Iriarte,SANTA FE,2025-2026,0.0,0.0,2,0,0
0,J. B. Molina,SANTA FE,2025-2026,0.0,0.0,2,0,0
0,Jovita,CÓRDOBA,2025-2026,0.0,0.0,2,0,0
0,Juan Jorba,SAN LUÍS,2025-2026,0.0,0.0,2,0,0
0,La Angelina,SAN LUÍS,2025-2026,0.0,0.0,2,0,0
0,La Carlota,CÓRDOBA,2025-2026,0.0,0.0,2,0,0
0,La Playosa,CÓRDOBA,2025-2026,1.0,0.5,2,1,0
0,Lecueder,CÓRDOBA,2025-2026,0.0,0.0,2,0,0
0,Macachín,LA PAMPA,2025-2026,0.0,0.0,2,0,0
0,Marcos Juarez 2,CÓRDOBA,2025-2026,4.0,2.0,2,1,0
0,Melo,CÓRDOBA,2025-2026,0.0,0.0,2,0,0
0,Monte De Oca,SANTA FE,2025-2026,0.0,0.0,1,0,0
0,Naschel,SAN LUÍS,2025-2026,0.0,0.0,2,0,0
0,Nueva Galia,SAN LUÍS,2025-2026,0.0,0.0,2,0,0
0,Ordoñez,CÓRDOBA,2025-2026,4.0,2.0,2,1,0
0,Pueblo Uranga,SANTA FE,2025-2026,0.0,0.0,2,0,0
0,Pujato,SANTA FE,2025-2026,0.0,0.0,2,0,0
0,Quemú Quemú,LA PAMPA,2025-2026,0.0,0.0,2,0,0
0,Quines,SAN LUÍS,2025-2026,0.0,0.0,2,0,0
0,San Luis 1,SAN LUÍS,2025-2026,0.0,0.0,2,0,0
0,Santa Rosa,LA PAMPA,2025-2026,0.0,0.0,2,0,0
0,Teodelina,SANTA FE,2025-2026,0.0,0.0,2,0,0
0,Venado Tuerto,SANTA FE,2025-2026,0.0,0.0,2,0,0
0,Vicuña Mackenna,CÓRDOBA,2025-2026,0.0,0.0,2,0,0
0,Villa María,CÓRDOBA,2025-2026,0.0,0.0,2,0,0
0,Villa Mugueta,SANTA FE,2025-2026,0.0,0.0,2,0,0
0,Villa Valeria,CÓRDOBA,2025-2026,0.0,0.0,4,0,0
0,Villada,SANTA FE,2025-2026,0.0,0.0,2,0,0
0,Wheelright,SANTA FE,2025-2026,1.0,0.5,2,1,0
0,Winifreda,LA PAMPA,2025-2026,0.0,0.0,2,0,0
0,Zavalla,SANTA FE,2025-2026,14.0,7.0,2,1,1
0,Álvarez,SANTA FE,2025-2026,3.0,2.5,2,2,0
1,Monte Buey,CÓRDOBA,2025-2026,5.0,2.5,2,1,1
1,San Jerónimo Sur,SANTA FE,2025-2026,5.0,4.0,2,2,1
12 de octubre,Buenos Aires,CENTRO SUR,2024-2025,4.0,0.16666666666666666,60,4,0
12 de octubre,Buenos Aires,CENTRO SUR,2025-2026,4.0,0.18181818181818182,44,2,0
17 de agosto,Buenos Aires,CENTRO SUR,2024-2025,0.0,0.0,43,0,0
17 de agosto,Buenos Aires,CENTRO SUR,2025-2026,0.0,0.0,24,0,0
2,Timbúes,SANTA FE,2025-2026,1.0,0.5,2,1,0
25 de mayo salesiana,Buenos Aires,CENTRO SUR,2024-2025,0.0,0.0,50,0,0
25 de mayo salesiana,Buenos Aires,CENTRO SUR,2025-2026,0.0,0.0,49,0,0
25demayo,Bs As,CENTRO NORTE,2024-2025,0.0,0.0,1,0,0
3 retoños,Chaco,NEA,2024-2025,53.0,8.186046511627907,43,19,1
3 retoños,Chaco,NEA,2025-2026,104.0,60.333333333333336,9,8,1
4bocas,Santiago Del Estero,NEA,2024-2025,2.0,2.0,2,2,0
acegua,,URUGUAY,2024-2025,0.0,0.0,1,0,0
acegua,Uruguay,URUGUAY,2024-2025,0.0,0.0,12,0,0
acequiones,Tucumán,NOA,2024-2025,5120.0,339.2105263157895,57,39,1
acequiones,Tucumán,NOA,2025-2026,610.0,104.75,12,12,1
achiras,Córdoba,CENTRO SUR,2025-2026,2.0,0.11764705882352941,17,1,0
adelia maría,Córdoba,CENTRO SUR,2024-2025,41.0,3.9814814814814814,54,18,1
adelia maría,Córdoba,CENTRO SUR,2025-2026,41.0,2.2857142857142856,42,14,1
agua sucia,Salta,NOA,2025-2026,16.0,5.409090909090909,22,20,1
ahí veremos,Santiago Del Estero,NEA,2025-2026,44.0,9.470588235294118,17,13,1
alberdi,Buenos Aires,CENTRO SUR,2024-2025,2.0,0.04,50,1,0
alberdi,Buenos Aires,CENTRO SUR,2025-2026,2.0,0.16326530612244897,49,6,0
aldao,Santa Fe,CENTRO NORTE,2024-2025,4.0,0.3333333333333333,57,9,0
aldao,Santa Fe,CENTRO NORTE,2025-2026,5.0,2.838709677419355,31,28,1
aldao,Santa Fe,LITORAL,2024-2025,0.0,0.0,1,0,0
alejandra,Santa Fe,NEA,2024-2025,176.0,26.607843137254903,51,26,1
alejandra,Santa Fe,NEA,2025-2026,51.0,9.333333333333334,9,8,1
almirante brown,Chaco,NEA,2025-2026,0.0,0.0,3,0,0
alto verde,Tucumán,NOA,2024-2025,254.0,62.421052631578945,57,41,1
alto verde,Tucumán,NOA,2025-2026,372.0,123.78260869565217,46,46,1
ambosio,Corrientes,LITORAL,2024-2025,0.0,0.0,6,0,0
ambrosetti,Santa Fe,NEA,2024-2025,205.0,35.67307692307692,52,22,1
ambrosetti,Santa Fe,NEA,2025-2026,205.0,17.20408163265306,49,26,1
ambrosio,Corrientes,LITORAL,2024-2025,212.0,19.4390243902439,41,38,1
ambrosio,Corrientes,LITORAL,2025-2026,26.0,3.3636363636363638,33,23,1
américa,Buenos Aires,CENTRO SUR,2024-2025,14.0,0.22018348623853212,109,9,1
américa,Buenos Aires,CENTRO SUR,2025-2026,14.0,0.358695652173913,92,6,1
ana zumaran,Córdoba,CENTRO SUR,2024-2025,62.0,9.01923076923077,52,19,1
ana zumaran,Córdoba,CENTRO SUR,2025-2026,18.0,1.9166666666666667,24,3,1
angelica,Santa Fe,CENTRO NORTE,2025-2026,16.0,1.68,25,6,1
anguil,La Pampa,CENTRO SUR,2024-2025,6.0,0.49122807017543857,57,5,1
anguil,La Pampa,CENTRO SUR,2025-2026,5.0,0.20454545454545456,44,3,1
antilla,Salta,NOA,2024-2025,3061.0,267.81481481481484,54,39,1
antilla,Salta,NOA,2025-2026,3061.0,146.27906976744185,43,41,1
arbol blanco,Santiago Del Estero,NEA,2024-2025,125.0,10.054545454545455,55,20,1
arbol blanco,Santiago Del Estero,NEA,2025-2026,125.0,13.346153846153847,26,21,1
arenal grande,,URUGUAY,2024-2025,0.0,0.0,3,0,0
arenal grande,Uruguay,URUGUAY,2024-2025,0.0,0.0,13,0,0
arenaza,Buenos Aires,CENTRO SUR,2024-2025,0.0,0.0,54,0,0
arenaza,Buenos Aires,CENTRO SUR,2025-2026,0.0,0.0,9,0,0
arias,Córdoba,CENTRO SUR,2024-2025,7.0,0.53125,32,8,1
arias,Córdoba,CENTRO SUR,2025-2026,7.0,5.0,3,3,1
armstrong,Buenos Aires,CENTRO SUR,2024-2025,0.0,0.0,27,0,0
armstrong,Santa Fe,CENTRO SUR,2024-2025,45.0,6.0,18,3,1
armstrong,Santa Fe,CENTRO SUR,2025-2026,60.0,4.476190476190476,42,11,1
arrecifes,Buenos Aires,CENTRO SUR,2024-2025,20.0,1.7454545454545454,55,13,1
arrecifes,Buenos Aires,CENTRO SUR,2025-2026,20.0,2.85,20,6,1
arroyito,Córdoba,CENTRO NORTE,2024-2025,169.0,25.733333333333334,60,33,1
arroyito,Córdoba,CENTRO NORTE,2025-2026,298.0,24.177777777777777,45,15,1
arroyo barú,Entre Ríos,LITORAL,2024-2025,734.0,149.60416666666666,48,24,1
arroyo barú,Entre Ríos,LITORAL,2025-2026,328.0,12.261904761904763,42,13,1
arroyo cabral,Córdoba,CENTRO SUR,2024-2025,52.0,11.714285714285714,42,18,1
arroyo cabral,Córdoba,CENTRO SUR,2025-2026,20.0,1.4680851063829787,47,6,1
arroyo cabral,Santa Fe,CENTRO SUR,2024-2025,2.0,0.6666666666666666,9,3,0
arroyo ceibal,Santa Fe,NEA,2024-2025,463.0,73.28070175438596,57,42,1
arroyo ceibal,Santa Fe,NEA,2025-2026,307.0,47.25714285714286,35,21,1
ascasubi,Buenos Aires,CENTRO SUR,2024-2025,0.0,0.0,48,0,0
ascasubi,Buenos Aires,CENTRO SUR,2025-2026,0.0,0.0,50,0,0
ataliva,Santa Fe,CENTRO NORTE,2024-2025,115.0,7.4,55,15,1
ataliva,Santa Fe,CENTRO NORTE,2025-2026,115.0,8.522727272727273,44,15,1
austrey,Uruguay,URUGUAY,2025-2026,0.0,0.0,4,0,0
averias,Santiago Del Estero,NEA,2025-2026,,,0,0,0
avia terai,Chaco,NEA,2025-2026,11.0,11.0,1,1,1
avia terai,Santiago Del Estero,NEA,2025-2026,11.0,3.125,8,5,1
ayacucho,Buenos Aires,CENTRO SUR,2024-2025,0.0,0.0,49,0,0
ayacucho,Buenos Aires,CENTRO SUR,2025-2026,0.0,0.0,46,0,0
añatuya,Santiago Del Estero,NEA,2025-2026,758.0,83.0,25,15,1
bajo hondo,Chaco,NEA,2025-2026,83.0,11.333333333333334,27,14,1
balcarce,Buenos Aires,CENTRO SUR,2024-2025,1.0,0.024390243902439025,41,1,0
balcarce,Buenos Aires,CENTRO SUR,2025-2026,0.0,0.0,44,0,0
ballester,Buenos Aires,CENTRO SUR,2024-2025,1.0,0.2222222222222222,9,2,0
ballestero,Córdoba,CENTRO SUR,2025-2026,0.0,0.0,3,0,0
ballesteros,Córdoba,CENTRO SUR,2024-2025,8.0,0.24324324324324326,37,2,1
ballesteros,Córdoba,CENTRO SUR,2025-2026,8.0,0.9666666666666667,30,9,1
ballivián,Salta,NOA,2024-2025,544.0,48.813559322033896,59,30,1
ballivián,Salta,NOA,2025-2026,360.0,42.36585365853659,41,15,1
bandera,Santiago Del Estero,NEA,2024-2025,2319.0,143.85714285714286,112,48,1
bandera,Santiago Del Estero,NEA,2025-2026,2057.0,39.52325581395349,86,27,1
basail,Chaco,NEA,2024-2025,103.0,24.6,40,28,1
basail,Chaco,NEA,2025-2026,92.0,23.5,46,42,1
bdo de irigoyen,Santa Fe,CENTRO NORTE,2024-2025,0.0,0.0,3,0,0
belgrano,Santiago Del Estero,NEA,2024-2025,3.0,0.6,15,3,0
bella vista,Corrientes,LITORAL,2024-2025,24.0,3.169811320754717,53,38,1
bella vista,Corrientes,LITORAL,2025-2026,12.0,4.382978723404255,47,35,1
benjamín gould,Córdoba,CENTRO SUR,2024-2025,34.0,0.9454545454545454,55,6,1
benjamín gould,Córdoba,CENTRO SUR,2025-2026,34.0,2.2222222222222223,45,13,1
bermejo,Chaco,NEA,2024-2025,6.0,6.0,1,1,1
bernardo de irigoyen,Santa Fe,CENTRO NORTE,2024-2025,66.0,5.793103448275862,58,19,1
bernardo de irigoyen,Santa Fe,CENTRO NORTE,2025-2026,66.0,7.408163265306122,49,23,1
berraondo,Bs As,CENTRO NORTE,2024-2025,0.0,0.0,1,0,0
berraondo,Buenos Aires,CENTRO SUR,2024-2025,0.0,0.0,52,0,0
berraondo,Buenos Aires,CENTRO SUR,2025-2026,0.0,0.0,49,0,0
bobadal,Santiago Del Estero,NOA,2024-2025,320.0,51.12280701754386,57,30,1
bobadal,Santiago Del Estero,NOA,2025-2026,320.0,19.73913043478261,46,21,1
bolivar,Buenos Aires,CENTRO SUR,2024-2025,0.0,0.0,46,0,0
bolivar,Buenos Aires,CENTRO SUR,2025-2026,0.0,0.0,50,0,0
bombal,Santa Fe,CENTRO SUR,2024-2025,0.0,0.0,36,0,0
bordenave,Buenos Aires,CENTRO SUR,2024-2025,0.0,0.0,43,0,0
bordenave,Buenos Aires,CENTRO SUR,2025-2026,0.0,0.0,50,0,0
bragado,Buenos Aires,CENTRO SUR,2024-2025,0.0,0.0,54,0,0
bragado,Buenos Aires,CENTRO SUR,2025-2026,0.0,0.0,50,0,0
brinkmann,Córdoba,CENTRO NORTE,2025-2026,124.0,7.645161290322581,31,8,1
buchardo,Córdoba,CENTRO SUR,2024-2025,0.0,0.0,57,0,0
buchardo,Córdoba,CENTRO SUR,2025-2026,0.0,0.0,46,0,0
buena esperanza,San Luis,CENTRO SUR,2024-2025,0.0,0.0,1,0,0
buena esperanza,San Luís,CENTRO SUR,2024-2025,20.0,2.1964285714285716,56,12,1
buena esperanza,San Luís,CENTRO SUR,2025-2026,20.0,1.3404255319148937,47,6,1
burruyacu,Tucumán,NOA,2024-2025,630.0,85.26666666666667,60,43,1
burruyacu,Tucumán,NOA,2025-2026,630.0,70.9090909090909,44,24,1
bustinza,Santa Fe,CENTRO SUR,2024-2025,184.0,12.56,50,6,1
bustinza,Santa Fe,CENTRO SUR,2025-2026,184.0,10.583333333333334,24,9,1
calamuchita,Córdoba,CENTRO NORTE,2024-2025,12.0,12.0,1,1,1
calchaquí,Santa Fe,NEA,2024-2025,24.0,6.461538461538462,52,24,1
calchaquí,Santa Fe,NEA,2025-2026,318.0,53.16,50,32,1
campana,,URUGUAY,2024-2025,0.0,0.0,1,0,0
campana,Uruguay,URUGUAY,2024-2025,1.0,0.16666666666666666,12,2,0
campo de cielo,Formosa,NEA,2024-2025,0.0,0.0,2,0,0
campo de cielo,Santiago Del Estero,NEA,2024-2025,1.0,0.12,25,3,0
campo del cielo,Formosa,NEA,2024-2025,0.0,0.0,6,0,0
campo del cielo,Santiago Del Estero,NEA,2024-2025,250.0,37.57142857142857,42,15,1
campo del cielo,Santiago Del Estero,NEA,2025-2026,75.0,29.88,25,19,1
campo gallo,Chaco,NEA,2024-2025,29.0,19.666666666666668,3,3,1
campo gallo,Santiago Del Estero,NEA,2024-2025,273.0,7.822784810126582,79,25,1
campo gallo,Santiago Del Estero,NEA,2025-2026,273.0,15.6,40,14,1
campo piaggio,Santa Fe,CENTRO NORTE,2024-2025,26.0,1.183673469387755,49,6,1
campo piaggio,Santa Fe,CENTRO NORTE,2025-2026,26.0,5.073170731707317,41,15,1
canelones,,URUGUAY,2024-2025,0.0,0.0,1,0,0
canelones,Uruguay,URUGUAY,2024-2025,1.0,0.2,5,1,0
capdevilla,Chaco,NEA,2024-2025,1.0,1.0,1,1,0
capilla de sitón,Córdoba,CENTRO NORTE,2024-2025,369.0,29.59259259259259,54,24,1
capilla de sitón,Córdoba,CENTRO NORTE,2025-2026,369.0,19.18,50,21,1
cardona,,URUGUAY,2024-2025,0.0,0.0,1,0,0
cardona,Uruguay,URUGUAY,2024-2025,0.0,0.0,5,0,0
carhue,Buenos Aires,CENTRO SUR,2024-2025,0.0,0.0,57,0,0
carhue,Buenos Aires,CENTRO SUR,2025-2026,0.0,0.0,49,0,0
carios tejedor,Buenos Aires,CENTRO SUR,2024-2025,0.0,0.0,1,0,0
carlos tejedor,Buenos Aires,CENTRO SUR,2024-2025,6.0,0.14285714285714285,56,3,1
carlos tejedor,Buenos Aires,CENTRO SUR,2025-2026,6.0,1.4545454545454546,11,6,1
carmen de areco,Buenos Aires,CENTRO SUR,2024-2025,0.0,0.0,36,0,0
carrilobo,Córdoba,CENTRO NORTE,2024-2025,105.0,7.487179487179487,39,18,1
carrilobo,Córdoba,CENTRO NORTE,2025-2026,108.0,12.568181818181818,44,21,1
casares,Santiago Del Estero,NEA,2025-2026,1.0,0.2857142857142857,7,2,0
casbas,Buenos Aires,CENTRO SUR,2024-2025,0.0,0.0,56,0,0
casbas,Buenos Aires,CENTRO SUR,2025-2026,0.0,0.0,9,0,0
casey,Buenos Aires,CENTRO SUR,2024-2025,0.0,0.0,54,0,0
casey,Buenos Aires,CENTRO SUR,2025-2026,1.0,0.05405405405405406,37,2,0
casilda,Santa Fe,CENTRO NORTE,2024-2025,0.0,0.0,3,0,0
castelli,Chaco,NEA,2024-2025,1.0,0.5,6,3,0
castelli,Chaco,NEA,2025-2026,54.0,10.36,25,16,1
catriló,Buenos Aires,CENTRO SUR,2024-2025,2.0,0.21052631578947367,38,5,0
catriló,Buenos Aires,CENTRO SUR,2025-2026,1.0,0.02,50,1,0
catriló,La Pampa,CENTRO SUR,2024-2025,0.0,0.0,18,0,0
cayasto,Santa Fe,CENTRO NORTE,2025-2026,150.0,17.666666666666668,12,12,1
cañada de gómez,Santa Fe,CENTRO SUR,2024-2025,34.0,3.7254901960784315,51,18,1
cañada de gómez,Santa Fe,CENTRO SUR,2025-2026,34.0,2.0851063829787235,47,11,1
cañada de luque,Córdoba,CENTRO NORTE,2024-2025,427.0,23.271186440677965,59,26,1
cañada de luque,Córdoba,CENTRO NORTE,2025-2026,427.0,18.625,48,19,1
cañada rosquín,Santa Fe,CENTRO NORTE,2024-2025,406.0,52.964285714285715,56,25,1
cañada rosquín,Santa Fe,CENTRO NORTE,2025-2026,51.0,5.604166666666667,48,14,1
cañada seca,Córdoba,CENTRO SUR,2024-2025,2.0,0.14285714285714285,42,3,0
ceibalito,Salta,NOA,2024-2025,1520.0,149.03773584905662,53,32,1
ceibalito,Salta,NOA,2025-2026,1520.0,126.58536585365853,41,24,1
cejolao,Santiago Del Estero,NEA,2025-2026,580.0,19.933333333333334,30,7,1
centeno,Santa Fe,CENTRO NORTE,2024-2025,801.0,99.63461538461539,52,19,1
centeno,Santa Fe,CENTRO NORTE,2025-2026,186.0,12.209302325581396,43,14,1
ceres,Santa Fe,CENTRO NORTE,2024-2025,2080.0,98.8108108108108,111,54,1
ceres,Santa Fe,CENTRO NORTE,2025-2026,2080.0,87.51041666666667,96,53,1
chacabuco,Buenos Aires,CENTRO SUR,2024-2025,0.0,0.0,54,0,0
chacabuco,Buenos Aires,CENTRO SUR,2025-2026,0.0,0.0,40,0,0
chacra nelson,,URUGUAY,2025-2026,0.0,0.0,2,0,0
chacra nelson,Uruguay,URUGUAY,2025-2026,0.0,0.0,7,0,0
chaguaral,Salta,NOA,2024-2025,27.0,1.6470588235294117,51,6,1
chaguaral,Salta,NOA,2025-2026,0.0,0.0,5,0,0
chamizo,,URUGUAY,2024-2025,4.0,1.2,5,3,0
chamizo,Uruguay,URUGUAY,2024-2025,3.0,1.0,22,12,0
charata,Chaco,NEA,2025-2026,90.0,2.8125,32,1,1
chascomús,Buenos Aires,CENTRO SUR,2024-2025,7.0,0.6964285714285714,56,15,1
chascomús,Buenos Aires,CENTRO SUR,2025-2026,0.0,0.0,47,0,0
chañar ladeado,Santa Fe,CENTRO SUR,2024-2025,0.0,0.0,51,0,0
chañar ladeado,Santa Fe,CENTRO SUR,2025-2026,0.0,0.0,37,0,0
chilca,Tucumán,NOA,2024-2025,636.0,137.38983050847457,59,41,1
chilca,Tucumán,NOA,2025-2026,636.0,51.44827586206897,29,24,1
chilibroste,Córdoba,CENTRO SUR,2024-2025,110.0,8.594594594594595,37,3,1
chilibroste,Córdoba,CENTRO SUR,2025-2026,110.0,61.2,5,3,1
chillar,Buenos Aires,CENTRO SUR,2024-2025,0.0,0.0,53,0,0
chillar,Buenos Aires,CENTRO SUR,2025-2026,0.0,0.0,38,0,0
chillibroste,Córdoba,CENTRO SUR,2024-2025,0.0,0.0,6,0,0
chivilcoy,Buenos Aires,CENTRO SUR,2024-2025,14.0,1.7142857142857142,49,18,1
chivilcoy,Buenos Aires,CENTRO SUR,2025-2026,14.0,0.8936170212765957,47,6,1
christophersen,Santa Fe,CENTRO SUR,2024-2025,0.0,0.0,17,0,0
clucellas,Santa Fe,CENTRO NORTE,2024-2025,0.0,0.0,3,0,0
clucellas,Santa Fe,CENTRO SUR,2024-2025,83.0,6.745098039215686,51,6,1
clucellas,Santa Fe,CENTRO SUR,2025-2026,83.0,8.03448275862069,29,11,1
col alpina,Santiago Del Estero,NEA,2024-2025,1.0,0.3333333333333333,6,2,0
col hersilia,Santa Fe,NEA,2024-2025,2.0,0.8,5,2,0
col. hersilia,Santa Fe,NEA,2024-2025,0.0,0.0,1,0,0
col. la camila,Santa Fe,NEA,2024-2025,2.0,2.0,1,1,0
col. mackinlay,Santiago Del Estero,NEA,2025-2026,219.0,71.66666666666667,12,12,1
colonia,,URUGUAY,2024-2025,0.0,0.0,2,0,0
colonia,,URUGUAY,2025-2026,2.0,0.18181818181818182,11,1,0
colonia,Uruguay,URUGUAY,2024-2025,6.0,1.2941176470588236,17,5,1
colonia,Uruguay,URUGUAY,2025-2026,3.0,0.3333333333333333,18,2,0
colonia alpina,Santiago Del Estero,NEA,2024-2025,1592.0,179.47058823529412,51,31,1
colonia alpina,Santiago Del Estero,NEA,2025-2026,1592.0,95.37837837837837,37,25,1
colonia celina,Entre Ríos,LITORAL,2024-2025,37.0,4.339622641509434,53,11,1
colonia celina,Entre Ríos,LITORAL,2025-2026,929.0,74.04,50,17,1
colonia esther,Santa Fe,NEA,2025-2026,574.0,41.4,35,9,1
colonia la maría,Santa Fe,NEA,2025-2026,799.0,309.6666666666667,3,3,1
colonia marina,Córdoba,CENTRO NORTE,2025-2026,122.0,5.56,25,6,1
colonia tirolesa,Córdoba,CENTRO NORTE,2024-2025,362.0,28.37037037037037,54,24,1
colonia tirolesa,Córdoba,CENTRO NORTE,2025-2026,362.0,25.64,50,21,1
colón,Buenos Aires,CENTRO SUR,2024-2025,0.0,0.0,57,0,0
colón,Buenos Aires,CENTRO SUR,2025-2026,0.0,0.0,24,0,0
colón,Córdoba,CENTRO NORTE,2024-2025,0.0,0.0,1,0,0
comandante fontana,Formosa,NEA,2024-2025,891.0,79.04444444444445,45,26,1
comandante fontana,Formosa,NEA,2025-2026,1597.0,375.6666666666667,42,41,1
concepcion del bermejo,Chaco,NEA,2024-2025,30.0,3.3777777777777778,45,21,1
concepcion del bermejo,Chaco,NEA,2025-2026,210.0,30.457142857142856,35,32,1
concepción del bermejo,Chaco,NEA,2024-2025,47.0,18.0,9,6,1
concepción del bermejo,Chaco,NEA,2025-2026,108.0,48.333333333333336,3,3,1
concepción del uruguay,Entre Ríos,LITORAL,2024-2025,52.0,8.777777777777779,54,35,1
concepción del uruguay,Entre Ríos,LITORAL,2025-2026,437.0,78.97777777777777,45,19,1
conesa,Buenos Aires,CENTRO SUR,2024-2025,27.0,2.693877551020408,49,18,1
conesa,Buenos Aires,CENTRO SUR,2025-2026,27.0,1.3404255319148937,47,7,1
constancia,,URUGUAY,2024-2025,0.0,0.0,5,0,0
constancia,Uruguay,URUGUAY,2024-2025,4.0,0.5185185185185185,27,6,0
copo quiles,Salta,NOA,2024-2025,4464.0,322.5762711864407,59,27,1
copo quiles,Salta,NOA,2025-2026,4464.0,540.2121212121212,33,24,1
coronel baigorria,Córdoba,CENTRO SUR,2024-2025,37.0,3.581818181818182,55,8,1
coronel baigorria,Córdoba,CENTRO SUR,2025-2026,18.0,1.574468085106383,47,15,1
coronel dorrego,Buenos Aires,CENTRO SUR,2024-2025,0.0,0.0,56,0,0
coronel dorrego,Buenos Aires,CENTRO SUR,2025-2026,0.0,0.0,41,0,0
coronel moldes,Córdoba,CENTRO SUR,2024-2025,18.0,2.4833333333333334,60,18,1
coronel moldes,Córdoba,CENTRO SUR,2025-2026,18.0,2.4390243902439024,41,14,1
coronel rico,Santiago Del Estero,NEA,2025-2026,5.0,0.9259259259259259,27,9,1
coronel suarez,Buenos Aires,CENTRO SUR,2024-2025,0.0,0.0,56,0,0
coronel suarez,Buenos Aires,CENTRO SUR,2025-2026,0.0,0.0,50,0,0
corral de bustos,Córdoba,CENTRO SUR,2024-2025,46.0,3.9272727272727272,55,9,1
corral de bustos,Córdoba,CENTRO SUR,2025-2026,20.0,2.823529411764706,17,6,1
corralito,Córdoba,CENTRO NORTE,2024-2025,360.0,37.67272727272727,55,27,1
corralito,Córdoba,CENTRO NORTE,2025-2026,360.0,26.425531914893618,47,29,1
corralito,Uruguay,URUGUAY,2025-2026,0.0,0.0,4,0,0
corrientes,Corrientes,LITORAL,2024-2025,212.0,42.28813559322034,59,38,1
corrientes,Corrientes,LITORAL,2025-2026,89.0,17.833333333333332,48,30,1
crespo,Entre Ríos,LITORAL,2024-2025,34.0,6.8,5,1,1
crespo,Entre Ríos,LITORAL,2025-2026,4.0,0.2127659574468085,47,3,0
crispi,Santa Fe,CENTRO NORTE,2024-2025,646.0,56.61538461538461,52,19,1
crispi,Santa Fe,CENTRO NORTE,2025-2026,646.0,28.38095238095238,42,16,1
cuatro bocas,Santiago Del Estero,NEA,2024-2025,495.0,43.0,37,13,1
cuatro bocas,Santiago Del Estero,NEA,2025-2026,25.0,0.9259259259259259,27,1,1
cuatro vientos,Córdoba,CENTRO SUR,2024-2025,25.0,5.566666666666666,60,39,1
cuatro vientos,Córdoba,CENTRO SUR,2025-2026,25.0,1.6595744680851063,47,16,1
cuchilla del perdido,,URUGUAY,2024-2025,0.0,0.0,2,0,0
cuchilla del perdido,Uruguay,URUGUAY,2024-2025,2.0,0.375,8,2,0
cura malal,Buenos Aires,CENTRO SUR,2024-2025,0.0,0.0,54,0,0
cura malal,Buenos Aires,CENTRO SUR,2025-2026,0.0,0.0,50,0,0
curuzú,Corrientes,LITORAL,2025-2026,642.0,115.92307692307692,26,23,1
daireaux,Buenos Aires,CENTRO SUR,2024-2025,0.0,0.0,55,0,0
daireaux,Buenos Aires,CENTRO SUR,2025-2026,0.0,0.0,11,0,0
de isletas,Entre Ríos,LITORAL,2024-2025,0.0,0.0,3,0,0
desvío la paloma,Santiago Del Estero,NEA,2024-2025,121.0,21.5,36,12,1
desvío la paloma,Santiago Del Estero,NEA,2025-2026,87.0,7.6875,32,9,1
devoto,Córdoba,CENTRO NORTE,2024-2025,365.0,10.066666666666666,60,18,1
devoto,Córdoba,CENTRO NORTE,2025-2026,365.0,18.74418604651163,43,9,1
diamante,Entre Ríos,LITORAL,2024-2025,835.0,26.686274509803923,51,30,1
diamante,Entre Ríos,LITORAL,2025-2026,56.0,4.88,50,15,1
don cristobal,Entre Ríos,LITORAL,2024-2025,196.0,13.274725274725276,91,41,1
don cristobal,Entre Ríos,LITORAL,2025-2026,77.0,4.885416666666667,96,50,1
don cristóbal,Entre Ríos,LITORAL,2024-2025,3.0,0.24,25,4,0
don luciano,Chaco,NEA,2024-2025,43.0,4.951219512195122,41,21,1
don luciano,Chaco,NEA,2025-2026,,,0,0,0
durazno,,URUGUAY,2024-2025,0.0,0.0,2,0,0
durazno,,URUGUAY,2025-2026,1.0,0.25,4,1,0
durazno,Uruguay,URUGUAY,2024-2025,0.0,0.0,25,0,0
durazno,Uruguay,URUGUAY,2025-2026,58.0,9.916666666666666,12,6,1
el abra,Catamarca,NOA,2024-2025,271.0,56.15,60,45,1
el abra,Catamarca,NOA,2025-2026,675.0,122.27659574468085,47,36,1
el araza,Santa Fe,NEA,2024-2025,0.0,0.0,2,0,0
el arazá,Santa Fe,NEA,2024-2025,0.0,0.0,11,0,0
el bananal,Jujuy,NOA,2024-2025,675.0,57.708333333333336,48,21,1
el bananal,Jujuy,NOA,2025-2026,675.0,122.36,50,50,1
el bordo,Salta,NOA,2024-2025,2800.0,198.8490566037736,53,24,1
el bordo,Salta,NOA,2025-2026,2800.0,265.22222222222223,36,16,1
el carmen,Jujuy,NOA,2024-2025,186.0,19.058823529411764,51,45,1
el carmen,Jujuy,NOA,2025-2026,22.0,3.32,50,27,1
el charco,Santiago Del Estero,NOA,2024-2025,310.0,17.42222222222222,45,33,1
el charco,Santiago Del Estero,NOA,2025-2026,310.0,22.97826086956522,46,38,1
el colorado,Formosa,NEA,2024-2025,31.0,6.222222222222222,45,31,1
el colorado,Formosa,NEA,2025-2026,891.0,24.92,50,31,1
el colorado,Santiago Del Estero,NEA,2024-2025,8.0,1.1428571428571428,35,8,1
el colorado,Santiago Del Estero,NEA,2025-2026,44.0,5.185185185185185,27,4,1
el desafío,,URUGUAY,2025-2026,0.0,0.0,3,0,0
el desafío,Uruguay,URUGUAY,2025-2026,0.0,0.0,8,0,0
el divisorio,Buenos Aires,CENTRO SUR,2024-2025,0.0,0.0,3,0,0
el fortin,Santa Fe,CENTRO NORTE,2024-2025,0.0,0.0,1,0,0
el fortín,Córdoba,CENTRO NORTE,2024-2025,324.0,35.74418604651163,43,13,1
el fortín,Córdoba,CENTRO NORTE,2025-2026,21.0,2.282051282051282,39,13,1
el fortín,Santa Fe,CENTRO NORTE,2024-2025,0.0,0.0,8,0,0
el galpón,Salta,NOA,2024-2025,2238.0,320.23333333333335,60,48,1
el galpón,Salta,NOA,2025-2026,2238.0,150.9387755102041,49,43,1
el guanagan,Santa Fe,NEA,2025-2026,2.0,0.4782608695652174,23,7,0
el malacara,Santiago Del Estero,NEA,2025-2026,0.0,0.0,1,0,0
el mojón,Santiago Del Estero,NOA,2024-2025,895.0,93.23684210526316,38,24,1
el mojón,Santiago Del Estero,NOA,2025-2026,895.0,250.0909090909091,11,11,1
el naranjo,Formosa,NEA,2024-2025,1.0,0.5454545454545454,11,6,0
el palomar,Santiago Del Estero,NOA,2024-2025,920.0,228.45,60,39,1
el palomar,Santiago Del Estero,NOA,2025-2026,672.0,56.53846153846154,39,19,1
el timbo pampa,Chaco,NEA,2024-2025,880.0,30.023255813953487,43,26,1
el tocon bermejo,Chaco,NEA,2024-2025,346.0,23.5531914893617,47,23,1
el tocon bermejo,Chaco,NEA,2025-2026,54.0,10.678571428571429,28,17,1
el trébol,Santa Fe,CENTRO NORTE,2024-2025,118.0,5.914634146341464,82,17,1
el trébol,Santa Fe,CENTRO NORTE,2025-2026,118.0,2.4833333333333334,60,9,1
el trébol,Santa Fe,CENTRO SUR,2024-2025,0.0,0.0,6,0,0
el tunal,Salta,NOA,2024-2025,957.0,82.01851851851852,54,24,1
el tunal,Salta,NOA,2025-2026,957.0,79.09677419354838,31,31,1
el tío,Córdoba,CENTRO NORTE,2024-2025,297.0,23.627906976744185,43,18,1
el tío,Córdoba,CENTRO NORTE,2025-2026,629.0,36.72727272727273,44,18,1
embarcación,Salta,NOA,2024-2025,1531.0,188.82142857142858,56,47,1
embarcación,Salta,NOA,2025-2026,592.0,24.170731707317074,41,24,1
emilia,Santa Fe,CENTRO NORTE,2024-2025,59.0,7.627118644067797,59,23,1
emilia,Santa Fe,CENTRO NORTE,2025-2026,572.0,76.96,50,19,1
emilia,Santa Fe,NEA,2024-2025,108.0,19.045454545454547,44,15,1
emilia,Santa Fe,NEA,2025-2026,54.0,4.305555555555555,36,13,1
esperanza,Santa Fe,CENTRO NORTE,2024-2025,322.0,60.2962962962963,54,30,1
esperanza,Santa Fe,CENTRO NORTE,2025-2026,1032.0,79.69767441860465,43,21,1
esquina,Corrientes,LITORAL,2024-2025,59.0,6.416666666666667,24,11,1
esquina,Corrientes,LITORAL,2025-2026,12.0,0.9534883720930233,43,8,1
estancia el rocio copra,Corrientes,LITORAL,2024-2025,159.0,14.324324324324325,37,28,1
estancia el rocio copra,Corrientes,LITORAL,2025-2026,28.0,4.439024390243903,41,19,1
estancia el rocío copra,Corrientes,LITORAL,2024-2025,6.0,3.0,2,1,1
estancia gaucho,Uruguay,URUGUAY,2025-2026,0.0,0.0,1,0,0
estancia gaucho - los alamos,,URUGUAY,2025-2026,3.0,1.5,2,1,0
estancia gaucho - rivera,,URUGUAY,2025-2026,0.0,0.0,3,0,0
estancia gaucho los alamos,Uruguay,URUGUAY,2025-2026,3.0,1.5,2,1,0
estancia gaucho rivera,Uruguay,URUGUAY,2025-2026,0.0,0.0,2,0,0
eufrasio loza,Córdoba,CENTRO NORTE,2024-2025,772.0,36.1,50,15,1
eufrasio loza,Córdoba,CENTRO NORTE,2025-2026,772.0,62.42553191489362,47,24,1
fcaunne,Corrientes,LITORAL,2024-2025,1.0,1.0,1,1,0
feliciano,Entre Ríos,LITORAL,2024-2025,86.0,5.178571428571429,56,24,1
feliciano,Entre Ríos,LITORAL,2025-2026,86.0,8.148936170212766,47,19,1
ferré,Buenos Aires,CENTRO SUR,2024-2025,11.0,0.3761467889908257,109,12,1
ferré,Buenos Aires,CENTRO SUR,2025-2026,11.0,0.6101694915254238,59,8,1
fisco,Santiago Del Estero,NOA,2025-2026,2.0,0.875,8,5,0
florentino ameghino,Buenos Aires,CENTRO SUR,2025-2026,0.0,0.0,23,0,0
fraga,Santa Fe,CENTRO NORTE,2025-2026,38.0,3.12,25,9,1
fraile pintado,Jujuy,NOA,2024-2025,40.0,9.26530612244898,49,43,1
fraile pintado,Jujuy,NOA,2025-2026,18.0,5.434782608695652,46,34,1
freyre,Córdoba,CENTRO NORTE,2024-2025,346.0,47.3,60,24,1
freyre,Córdoba,CENTRO NORTE,2025-2026,346.0,36.765957446808514,47,27,1
frias,Catamarca,NOA,2025-2026,119.0,10.121212121212121,33,24,1
frias,Santiago Del Estero,NOA,2024-2025,1657.0,167.126213592233,103,60,1
frias,Santiago Del Estero,NOA,2025-2026,1657.0,95.88157894736842,76,41,1
frías,Santiago Del Estero,NOA,2024-2025,7.0,5.0,2,2,1
gancedo,Chaco,NEA,2024-2025,21.0,1.105263157894737,19,1,1
gancedo,Chaco,NEA,2025-2026,970.0,32.93333333333333,30,10,1
garmendia,Tucumán,NOA,2024-2025,950.0,166.10526315789474,57,33,1
garmendia,Tucumán,NOA,2025-2026,800.0,101.44186046511628,43,21,1
general arenales,Buenos Aires,CENTRO SUR,2024-2025,0.0,0.0,112,0,0
general arenales,Buenos Aires,CENTRO SUR,2025-2026,1.0,0.11764705882352941,51,6,0
general cabrera,Córdoba,CENTRO SUR,2024-2025,33.0,2.9272727272727272,55,8,1
general cabrera,Córdoba,CENTRO SUR,2025-2026,21.0,2.630434782608696,46,15,1
general dorrego,Buenos Aires,CENTRO SUR,2024-2025,0.0,0.0,1,0,0
general levalle,Córdoba,CENTRO SUR,2024-2025,31.0,1.7636363636363637,55,9,1
general levalle,Córdoba,CENTRO SUR,2025-2026,31.0,2.4634146341463414,41,9,1
general m. belgrano,Formosa,NEA,2025-2026,4.0,2.0,6,3,0
general madariaga,Buenos Aires,CENTRO SUR,2024-2025,0.0,0.0,49,0,0
general madariaga,Buenos Aires,CENTRO SUR,2025-2026,0.0,0.0,46,0,0
general paz,La Pampa,CENTRO SUR,2024-2025,0.0,0.0,1,0,0
general pico,La Pampa,CENTRO SUR,2024-2025,10.0,0.6140350877192983,57,9,1
general pico,La Pampa,CENTRO SUR,2025-2026,10.0,0.6739130434782609,46,6,1
general pinedo,Chaco,NEA,2024-2025,186.0,14.707317073170731,41,12,1
general pinedo,Chaco,NEA,2025-2026,194.0,33.2,50,41,1
general pizarro,Salta,NOA,2024-2025,2240.0,140.43396226415095,53,30,1
general pizarro,Salta,NOA,2025-2026,2240.0,163.0,42,21,1
general roca,Córdoba,CENTRO SUR,2024-2025,44.0,6.680851063829787,47,10,1
general roca,Córdoba,CENTRO SUR,2025-2026,32.0,3.108695652173913,46,14,1
general villegas,Buenos Aires,CENTRO SUR,2024-2025,4.0,0.44660194174757284,103,18,0
general villegas,Buenos Aires,CENTRO SUR,2025-2026,4.0,0.47540983606557374,61,14,0
germania,Buenos Aires,CENTRO SUR,2024-2025,0.0,0.0,45,0,0
germania,Buenos Aires,CENTRO SUR,2025-2026,0.0,0.0,47,0,0
germania,Santa Fe,CENTRO SUR,2024-2025,0.0,0.0,12,0,0
girardet,Santiago Del Estero,NEA,2025-2026,640.0,21.0,32,9,1
gobernador castro,Buenos Aires,CENTRO SUR,2024-2025,5.0,0.3148148148148148,54,6,1
gobernador castro,Buenos Aires,CENTRO SUR,2025-2026,5.0,0.42,50,7,1
godoy,Santa Fe,CENTRO SUR,2024-2025,32.0,2.25,60,24,1
godoy,Santa Fe,CENTRO SUR,2025-2026,32.0,2.625,24,12,1
gonzález moreno,Buenos Aires,CENTRO SUR,2024-2025,1.0,0.0196078431372549,51,1,0
gonzález moreno,Buenos Aires,CENTRO SUR,2025-2026,1.0,0.044444444444444446,45,2,0
goya,Corrientes,LITORAL,2024-2025,782.0,51.25714285714286,35,23,1
goya,Corrientes,LITORAL,2025-2026,782.0,21.82,50,38,1
gualeguay,Entre Ríos,LITORAL,2024-2025,835.0,24.68553459119497,159,36,1
gualeguay,Entre Ríos,LITORAL,2025-2026,235.0,3.2595419847328246,131,20,1
gualeguaychu,Entre Ríos,LITORAL,2025-2026,2.0,0.18181818181818182,33,3,0
gualeguaychú,Entre Ríos,LITORAL,2024-2025,0.0,0.0,28,0,0
gualeguaychú,Entre Ríos,LITORAL,2025-2026,1.0,1.0,1,1,0
guamini,Buenos Aires,CENTRO SUR,2025-2026,0.0,0.0,3,0,0
guaminí,Buenos Aires,CENTRO SUR,2024-2025,2.0,0.19642857142857142,56,8,0
guaminí,Buenos Aires,CENTRO SUR,2025-2026,0.0,0.0,42,0,0
guanaco,Buenos Aires,CENTRO SUR,2024-2025,7.0,0.543859649122807,57,6,1
guanaco,Buenos Aires,CENTRO SUR,2025-2026,7.0,0.22,50,3,1
guatimozin,Córdoba,CENTRO SUR,2024-2025,2.0,0.125,56,5,0
guatimozin,Córdoba,CENTRO SUR,2025-2026,2.0,0.045454545454545456,44,1,0
gálvez,Santa Fe,CENTRO NORTE,2024-2025,149.0,13.607142857142858,112,33,1
gálvez,Santa Fe,CENTRO NORTE,2025-2026,330.0,18.8953488372093,86,38,1
güemes,Salta,NOA,2024-2025,285.0,60.22222222222222,54,54,1
güemes,Salta,NOA,2025-2026,,,0,0,0
helvecia,Santa Fe,CENTRO NORTE,2024-2025,30.0,3.15,40,7,1
helvecia,Santa Fe,CENTRO NORTE,2025-2026,6.0,2.8333333333333335,6,6,1
helvecia,Santa Fe,LITORAL,2024-2025,0.0,0.0,1,0,0
henderson,Buenos Aires,CENTRO SUR,2024-2025,2.0,0.03508771929824561,57,1,0
henderson,Buenos Aires,CENTRO SUR,2025-2026,2.0,0.08,50,2,0
hernando,Córdoba,CENTRO NORTE,2024-2025,2.0,0.48717948717948717,39,13,0
hernando,Córdoba,CENTRO NORTE,2025-2026,3.0,0.8611111111111112,36,18,0
hersilia,Santa Fe,NEA,2024-2025,581.0,42.23529411764706,51,34,1
hersilia,Santa Fe,NEA,2025-2026,581.0,44.8,30,19,1
hinojal,Entre Ríos,LITORAL,2024-2025,118.0,11.09433962264151,53,12,1
hinojal,Entre Ríos,LITORAL,2025-2026,121.0,11.212765957446809,47,24,1
horcones,Salta,NOA,2024-2025,283.0,57.977777777777774,45,30,1
horcones,Salta,NOA,2025-2026,260.0,30.659574468085108,47,22,1
huasa pampa,Tucumán,NOA,2024-2025,212.0,9.383333333333333,60,33,1
huasa pampa,Tucumán,NOA,2025-2026,407.0,56.32,50,35,1
hughes,Santa Fe,CENTRO SUR,2024-2025,16.0,1.0166666666666666,60,10,1
hughes,Santa Fe,CENTRO SUR,2025-2026,1.0,0.09090909090909091,44,4,0
huinca renanco,Córdoba,CENTRO SUR,2024-2025,3.0,0.6730769230769231,52,20,0
huinca renanco,Córdoba,CENTRO SUR,2025-2026,2.0,0.7777777777777778,9,4,0
humboldt,Santa Fe,CENTRO NORTE,2024-2025,6.0,0.7368421052631579,57,9,1
humboldt,Santa Fe,CENTRO NORTE,2025-2026,4.0,0.96,50,14,0
idiazabal,Córdoba,CENTRO SUR,2024-2025,4.0,0.6981132075471698,53,20,0
idiazabal,Córdoba,CENTRO SUR,2025-2026,2.0,0.8,10,4,0
ing. luiggi,La Pampa,CENTRO SUR,2025-2026,0.0,0.0,15,0,0
inés indart,Buenos Aires,CENTRO SUR,2024-2025,0.0,0.0,46,0,0
inés indart,Buenos Aires,CENTRO SUR,2025-2026,0.0,0.0,35,0,0
iriarte,Santa Fe,CENTRO SUR,2024-2025,0.0,0.0,58,0,0
iriarte,Santa Fe,CENTRO SUR,2025-2026,0.0,0.0,42,0,0
isca yacu,Santiago Del Estero,NOA,2024-2025,3061.0,118.12727272727273,110,65,1
isca yacu,Santiago Del Estero,NOA,2025-2026,3061.0,91.1304347826087,46,24,1
isla baja,Santiago Del Estero,NEA,2024-2025,1805.0,224.84444444444443,45,25,1
isla baja,Santiago Del Estero,NEA,2025-2026,1670.0,50.41025641025641,39,14,1
isletas,Entre Ríos,LITORAL,2024-2025,12.0,0.7959183673469388,49,15,1
isletas,Entre Ríos,LITORAL,2025-2026,64.0,4.604166666666667,48,11,1
ismael cortinas,,URUGUAY,2024-2025,,,0,0,0
ismael cortinas,Uruguay,URUGUAY,2024-2025,0.0,0.0,3,0,0
ituzaingo,Corrientes,LITORAL,2024-2025,41.0,9.533333333333333,30,13,1
ituzaingo,Corrientes,LITORAL,2025-2026,18.0,4.0,9,2,1
ituzaingó,Corrientes,LITORAL,2024-2025,19.0,18.0,2,2,1
j v gonzales,Salta,NOA,2024-2025,2030.0,173.85106382978722,47,28,1
j v gonzales,Salta,NOA,2025-2026,2030.0,142.68085106382978,47,29,1
j. b. molina,Santa Fe,CENTRO SUR,2024-2025,23.0,5.108695652173913,46,17,1
j. b. molina,Santa Fe,CENTRO SUR,2025-2026,25.0,2.6382978723404253,47,12,1
jesus maría,Córdoba,CENTRO NORTE,2024-2025,650.0,41.1875,48,17,1
jesus maría,Córdoba,CENTRO NORTE,2025-2026,650.0,37.22222222222222,45,33,1
jesús maría,Córdoba,CENTRO NORTE,2024-2025,2.0,0.6666666666666666,3,1,0
jesús maría,Córdoba,CENTRO NORTE,2025-2026,3.0,1.5,2,1,0
jovita,Córdoba,CENTRO SUR,2024-2025,0.0,0.0,59,0,0
jovita,Córdoba,CENTRO SUR,2025-2026,0.0,0.0,46,0,0
juamarita,Santa Fe,NEA,2024-2025,3.0,0.36363636363636365,33,6,0
juan jorba,San Luis,CENTRO SUR,2024-2025,5.0,3.0,2,2,1
juan jorba,San Luís,CENTRO SUR,2024-2025,32.0,3.4482758620689653,58,16,1
juan jorba,San Luís,CENTRO SUR,2025-2026,32.0,2.0,40,9,1
juan josé castelli,Chaco,NEA,2024-2025,116.0,9.333333333333334,90,57,1
juan josé castelli,Chaco,NEA,2025-2026,446.0,73.40816326530613,49,43,1
junín,Buenos Aires,CENTRO SUR,2024-2025,1.0,0.017857142857142856,56,1,0
junín,Buenos Aires,CENTRO SUR,2025-2026,1.0,0.04,50,2,0
justiniano posse,Córdoba,CENTRO SUR,2024-2025,2.0,0.22857142857142856,35,5,0
justiniano posse,Córdoba,CENTRO SUR,2025-2026,1.0,1.0,1,1,0
jv gonzales,Salta,NOA,2024-2025,1.0,0.3333333333333333,3,1,0
kempe,Chaco,NEA,2024-2025,34.0,1.8076923076923077,52,10,1
kempe,Chaco,NEA,2025-2026,152.0,75.57142857142857,7,6,1
la angelina,San Luís,CENTRO SUR,2024-2025,0.0,0.0,56,0,0
la angelina,San Luís,CENTRO SUR,2025-2026,0.0,0.0,46,0,0
la bajada,Tucumán,NOA,2024-2025,224.0,26.63157894736842,57,57,1
la bajada,Tucumán,NOA,2025-2026,224.0,17.88,50,50,1
la brianza,Córdoba,CENTRO SUR,2025-2026,2.0,0.6666666666666666,3,1,0
la camila,Santa Fe,CENTRO NORTE,2024-2025,1583.0,116.32203389830508,59,30,1
la camila,Santa Fe,CENTRO NORTE,2025-2026,1583.0,152.25,28,16,1
la carlota,Córdoba,CENTRO SUR,2024-2025,13.0,1.2833333333333334,60,29,1
la carlota,Córdoba,CENTRO SUR,2025-2026,13.0,0.40425531914893614,47,4,1
la cocha,Tucumán,NOA,2024-2025,1040.0,94.17543859649123,57,57,1
la cocha,Tucumán,NOA,2025-2026,1040.0,90.4375,48,48,1
la cruz,Tucumán,NOA,2024-2025,2450.0,180.37037037037038,54,54,1
la cruz,Tucumán,NOA,2025-2026,2450.0,307.225,40,31,1
la invensible,Buenos Aires,CENTRO SUR,2024-2025,1.0,0.02127659574468085,47,1,0
la invensible,Buenos Aires,CENTRO SUR,2025-2026,1.0,0.125,16,2,0
la invernada,Tucumán,NOA,2024-2025,244.0,35.5,60,48,1
la invernada,Tucumán,NOA,2025-2026,1065.0,112.42553191489361,47,41,1
la loma,,URUGUAY,2025-2026,0.0,0.0,3,0,0
la loma,Uruguay,URUGUAY,2025-2026,0.0,0.0,5,0,0
la maria,Santa Fe,NEA,2024-2025,1.0,0.6,5,3,0
la maría,Santa Fe,NEA,2024-2025,176.0,23.842105263157894,57,28,1
la maría,Santa Fe,NEA,2025-2026,799.0,40.609756097560975,41,18,1
la montenegrina,Chaco,NEA,2025-2026,4.0,1.0285714285714285,35,18,0
la niña,Buenos Aires,CENTRO SUR,2024-2025,0.0,0.0,50,0,0
la niña,Buenos Aires,CENTRO SUR,2025-2026,0.0,0.0,4,0,0
la osca,Santa Fe,NEA,2024-2025,360.0,49.839285714285715,56,30,1
la osca,Santa Fe,NEA,2025-2026,360.0,20.408163265306122,49,26,1
la paloma,Santiago Del Estero,NEA,2024-2025,0.0,0.0,1,0,0
la paloma,Santiago Del Estero,NEA,2025-2026,,,0,0,0
la paz,Entre Ríos,LITORAL,2024-2025,121.0,5.0519480519480515,154,38,1
la paz,Entre Ríos,LITORAL,2025-2026,59.0,7.675675675675675,111,63,1
la pelada,Santa Fe,NEA,2024-2025,586.0,91.84444444444445,45,25,1
la pelada,Santa Fe,NEA,2025-2026,586.0,37.020833333333336,48,19,1
la penca,Santa Fe,NEA,2024-2025,2.0,0.3333333333333333,6,1,0
la penca y caraguatá,Santa Fe,NEA,2024-2025,1675.0,325.47058823529414,51,32,1
la penca y caraguatá,Santa Fe,NEA,2025-2026,547.0,33.14,50,38,1
la playosa,Córdoba,CENTRO SUR,2024-2025,87.0,12.132075471698114,53,21,1
la playosa,Córdoba,CENTRO SUR,2025-2026,31.0,2.021276595744681,47,12,1
la rosita,Santiago Del Estero,NEA,2024-2025,17.0,1.891304347826087,46,13,1
la rosita,Santiago Del Estero,NEA,2025-2026,130.0,4.53125,32,8,1
la sarita,Santa Fe,NEA,2024-2025,453.0,98.92105263157895,38,32,1
la sarita,Santa Fe,NEA,2025-2026,1089.0,151.1,50,41,1
la toma,San Luis,CENTRO NORTE,2024-2025,4.0,0.23529411764705882,51,6,0
la toma,San Luis,CENTRO NORTE,2025-2026,4.0,0.18,50,3,0
la violeta,Buenos Aires,CENTRO SUR,2024-2025,26.0,3.877551020408163,49,13,1
la violeta,Buenos Aires,CENTRO SUR,2025-2026,16.0,0.8979591836734694,49,9,1
la virginia,Tucumán,NOA,2024-2025,530.0,88.08333333333333,60,45,1
la virginia,Tucumán,NOA,2025-2026,610.0,91.1086956521739,46,30,1
laguna de robles,Tucumán,NOA,2024-2025,2793.0,184.1851851851852,54,32,1
laguna de robles,Tucumán,NOA,2025-2026,2793.0,238.8409090909091,44,35,1
laguna larga,Córdoba,CENTRO NORTE,2024-2025,35.0,3.192982456140351,57,21,1
laguna larga,Córdoba,CENTRO NORTE,2025-2026,35.0,2.5294117647058822,34,10,1
landeta,Santa Fe,CENTRO NORTE,2024-2025,185.0,27.810344827586206,58,19,1
landeta,Santa Fe,CENTRO NORTE,2025-2026,92.0,7.255813953488372,43,11,1
las arenas,Santiago Del Estero,NEA,2025-2026,0.0,0.0,1,0,0
las armas,Buenos Aires,CENTRO SUR,2024-2025,0.0,0.0,48,0,0
las armas,Buenos Aires,CENTRO SUR,2025-2026,0.0,0.0,10,0,0
las astillas,Córdoba,CENTRO NORTE,2024-2025,553.0,57.833333333333336,54,30,1
las astillas,Córdoba,CENTRO NORTE,2025-2026,553.0,24.387755102040817,49,32,1
las bajadas,Córdoba,CENTRO NORTE,2024-2025,49.0,4.428571428571429,56,29,1
las bajadas,Córdoba,CENTRO NORTE,2025-2026,49.0,4.844444444444444,45,31,1
las breñas,Chaco,NEA,2024-2025,480.0,42.53125,96,42,1
las breñas,Chaco,NEA,2025-2026,1358.0,98.85057471264368,87,53,1
las cejas,Tucumán,NOA,2024-2025,4800.0,805.2666666666667,60,60,1
las cejas,Tucumán,NOA,2025-2026,4760.0,355.30232558139534,43,40,1
las chilcas,Córdoba,CENTRO NORTE,2024-2025,75.0,12.117647058823529,51,21,1
las chilcas,Córdoba,CENTRO NORTE,2025-2026,67.0,15.72972972972973,37,20,1
las chilcas,San Luis,CENTRO NORTE,2024-2025,37.0,37.0,1,1,1
las delicias,Santiago Del Estero,NOA,2024-2025,3300.0,278.2888888888889,45,21,1
las delicias,Santiago Del Estero,NOA,2025-2026,1025.0,258.45454545454544,11,11,1
las garzas,Corrientes,LITORAL,2024-2025,0.0,0.0,2,0,0
las garzas,Entre Ríos,LITORAL,2024-2025,517.0,96.18867924528301,53,31,1
las garzas,Entre Ríos,LITORAL,2025-2026,40.0,5.851063829787234,47,26,1
las lajitas,Salta,NOA,2024-2025,1656.0,131.08247422680412,97,62,1
las lajitas,Salta,NOA,2025-2026,1656.0,165.67441860465115,43,39,1
las lomitas,Formosa,NEA,2024-2025,6.0,0.8108108108108109,37,11,1
las lomitas,Formosa,NEA,2025-2026,233.0,63.59375,32,32,1
las numancias,Buenos Aires,CENTRO SUR,2024-2025,0.0,0.0,36,0,0
las piedras,Chaco,NEA,2025-2026,4.0,1.0,20,5,0
las piedritas,Chaco,NEA,2024-2025,0.0,0.0,50,0,0
las piedritas,Chaco,NEA,2025-2026,32.0,4.488888888888889,45,29,1
las rosas,Santa Fe,CENTRO SUR,2024-2025,0.0,0.0,52,0,0
las rosas,Santa Fe,CENTRO SUR,2025-2026,0.0,0.0,10,0,0
las yerbas la paloma,Santiago Del Estero,NEA,2024-2025,0.0,0.0,5,0,0
lavalle,Santiago Del Estero,NOA,2024-2025,797.0,54.294117647058826,51,21,1
lavalle,Santiago Del Estero,NOA,2025-2026,1.0,0.5,18,9,0
leales,Tucumán,NOA,2024-2025,1388.0,185.33333333333334,39,22,1
leales,Tucumán,NOA,2025-2026,1388.0,109.48837209302326,43,26,1
leandro n. alem,Buenos Aires,CENTRO SUR,2024-2025,1.0,0.08928571428571429,56,5,0
leandro n. alem,Buenos Aires,CENTRO SUR,2025-2026,0.0,0.0,50,0,0
lecueder,Córdoba,CENTRO SUR,2024-2025,0.0,0.0,51,0,0
lecueder,Córdoba,CENTRO SUR,2025-2026,0.0,0.0,34,0,0
lilo viejo,Santiago Del Estero,NEA,2024-2025,850.0,45.52173913043478,46,14,1
lilo viejo,Santiago Del Estero,NEA,2025-2026,850.0,59.18421052631579,38,13,1
llambi,Santa Fe,NEA,2024-2025,0.0,0.0,6,0,0
llambi campbell,Santa Fe,NEA,2024-2025,0.0,0.0,3,0,0
llambí campbell,Santa Fe,NEA,2024-2025,10.0,2.0833333333333335,36,12,1
logroño,Santa Fe,CENTRO NORTE,2024-2025,0.0,0.0,2,0,0
logroño,Santa Fe,NEA,2024-2025,3217.0,212.69135802469137,81,26,1
logroño,Santa Fe,NEA,2025-2026,3217.0,76.56,50,24,1
loma del trozo,Córdoba,CENTRO NORTE,2025-2026,320.0,16.59090909090909,22,7,1
los altos,Catamarca,NOA,2024-2025,256.0,21.385964912280702,57,27,1
los altos,Catamarca,NOA,2025-2026,1043.0,176.52,50,41,1
los arenales,,URUGUAY,2025-2026,3.0,0.75,4,1,0
los arenales,Uruguay,URUGUAY,2025-2026,6.0,0.9,10,2,1
los frentones,Chaco,NEA,2024-2025,126.0,8.411764705882353,68,29,1
los juries,Santiago Del Estero,NEA,2024-2025,880.0,92.7816091954023,87,39,1
los juries,Santiago Del Estero,NEA,2025-2026,957.0,75.1063829787234,47,28,1
los molles,San Luis,CENTRO SUR,2024-2025,4.0,2.5,2,2,0
los molles,San Luís,CENTRO SUR,2024-2025,823.0,25.051724137931036,58,25,1
los molles,San Luís,CENTRO SUR,2025-2026,823.0,216.22222222222223,9,8,1
los pereyra,Tucumán,NOA,2024-2025,996.0,99.48076923076923,52,37,1
los pereyra,Tucumán,NOA,2025-2026,996.0,97.59183673469387,49,39,1
los puestos,Tucumán,NOA,2024-2025,169.0,17.228070175438596,57,27,1
los puestos,Tucumán,NOA,2025-2026,520.0,27.272727272727273,44,18,1
los toldos,Buenos Aires,CENTRO SUR,2024-2025,0.0,0.0,57,0,0
los toldos,Buenos Aires,CENTRO SUR,2025-2026,0.0,0.0,47,0,0
lujan,Buenos Aires,CENTRO SUR,2024-2025,0.0,0.0,9,0,0
luxardo,Córdoba,CENTRO NORTE,2025-2026,141.0,17.0,9,2,1
lópez,Santa Fe,CENTRO NORTE,2024-2025,68.0,6.407407407407407,54,12,1
lópez,Santa Fe,CENTRO NORTE,2025-2026,68.0,5.836734693877551,49,18,1
macachín,La Pampa,CENTRO SUR,2024-2025,0.0,0.0,49,0,0
macachín,La Pampa,CENTRO SUR,2025-2026,0.0,0.0,42,0,0
macapillo,Salta,NOA,2024-2025,159.0,23.48148148148148,27,27,1
maipú,Buenos Aires,CENTRO SUR,2024-2025,0.0,0.0,1,0,0
malabrigo,Santa Fe,NEA,2024-2025,207.0,36.421052631578945,57,27,1
malabrigo,Santa Fe,NEA,2025-2026,218.0,39.56,50,38,1
malbran,Santiago Del Estero,NEA,2025-2026,570.0,36.89473684210526,19,7,1
manfredi,Córdoba,CENTRO NORTE,2024-2025,1872.0,97.8,55,19,1
manfredi,Córdoba,CENTRO NORTE,2025-2026,1872.0,41.7,50,21,1
marcos juarez,Córdoba,CENTRO SUR,2024-2025,123.0,9.34375,64,18,1
marcos juarez,Córdoba,CENTRO SUR,2025-2026,123.0,10.636363636363637,44,17,1
marcos juárez,Córdoba,CENTRO SUR,2025-2026,0.0,0.0,3,0,0
margarita,Santa Fe,NEA,2024-2025,279.0,36.370370370370374,54,21,1
margarita,Santa Fe,NEA,2025-2026,141.0,15.326086956521738,46,22,1
mari lauque,Buenos Aires,CENTRO SUR,2024-2025,2.0,0.14035087719298245,57,6,0
mari lauque,Buenos Aires,CENTRO SUR,2025-2026,2.0,0.36363636363636365,11,3,0
maria juana,Santa Fe,CENTRO NORTE,2024-2025,127.0,7.6,50,9,1
maria juana,Santa Fe,CENTRO NORTE,2025-2026,127.0,9.936170212765957,47,12,1
maria teresa,Santa Fe,CENTRO SUR,2024-2025,0.0,0.0,41,0,0
maria teresa,Santa Fe,CENTRO SUR,2025-2026,0.0,0.0,14,0,0
mariajuanas castellanos,Santa Fe,CENTRO NORTE,2024-2025,0.0,0.0,1,0,0
marull,Córdoba,CENTRO NORTE,2024-2025,125.0,13.875,32,6,1
marull,Córdoba,CENTRO NORTE,2025-2026,2.0,0.6,10,3,0
maría juana,Santa Fe,CENTRO NORTE,2025-2026,0.0,0.0,3,0,0
maría teresa,Santa Fe,CENTRO SUR,2025-2026,0.0,0.0,1,0,0
melo,Córdoba,CENTRO SUR,2024-2025,5.0,0.7833333333333333,60,24,1
melo,Córdoba,CENTRO SUR,2025-2026,5.0,0.37777777777777777,45,7,1
mercedes,,URUGUAY,2024-2025,0.0,0.0,6,0,0
mercedes,,URUGUAY,2025-2026,2.0,0.4444444444444444,9,2,0
mercedes,Corrientes,LITORAL,2024-2025,559.0,72.33333333333333,102,85,1
mercedes,Corrientes,LITORAL,2025-2026,266.0,33.06185567010309,97,72,1
mercedes,Uruguay,URUGUAY,2024-2025,0.0,0.0,29,0,0
mercedes,Uruguay,URUGUAY,2025-2026,15.0,1.8333333333333333,18,6,1
metan,Salta,NOA,2024-2025,2564.0,189.13223140495867,121,67,1
metan,Salta,NOA,2025-2026,2564.0,178.80459770114942,87,68,1
metán,Salta,NOA,2024-2025,966.0,173.68,50,29,1
metán,Salta,NOA,2025-2026,359.0,18.7,50,27,1
mi granja,Córdoba,CENTRO NORTE,2024-2025,200.0,31.74418604651163,43,15,1
mi granja,Córdoba,CENTRO NORTE,2025-2026,152.0,10.525,40,16,1
miguelete,,URUGUAY,2024-2025,0.0,0.0,2,0,0
miguelete,Uruguay,URUGUAY,2024-2025,2.0,0.2857142857142857,14,3,0
moctezuma,Buenos Aires,CENTRO SUR,2024-2025,1.0,0.10526315789473684,57,6,0
moctezuma,Buenos Aires,CENTRO SUR,2025-2026,1.0,0.2727272727272727,11,3,0
moisés ville,Santa Fe,CENTRO NORTE,2024-2025,113.0,15.084745762711865,59,24,1
moisés ville,Santa Fe,CENTRO NORTE,2025-2026,62.0,7.795454545454546,44,25,1
molina,Santa Fe,CENTRO SUR,2024-2025,1.0,0.375,8,3,0
molino doll,Entre Ríos,LITORAL,2024-2025,86.0,1.7037037037037037,54,7,1
molino doll,Entre Ríos,LITORAL,2025-2026,4.0,0.4888888888888889,45,9,0
mollinedo,Salta,NOA,2024-2025,3600.0,413.8474576271187,59,34,1
mollinedo,Salta,NOA,2025-2026,2640.0,163.53333333333333,45,31,1
monte buey,Córdoba,CENTRO SUR,2024-2025,93.0,4.588235294117647,51,12,1
monte buey,Córdoba,CENTRO SUR,2025-2026,93.0,4.815789473684211,38,14,1
monte caseros,Corrientes,LITORAL,2025-2026,10.0,2.0344827586206895,29,20,1
monte de los gauchos,Córdoba,CENTRO SUR,2024-2025,270.0,24.816666666666666,60,42,1
monte de los gauchos,Córdoba,CENTRO SUR,2025-2026,102.0,20.416666666666668,12,6,1
monte de oca,Santa Fe,CENTRO SUR,2024-2025,0.0,0.0,55,0,0
monte de oca,Santa Fe,CENTRO SUR,2025-2026,0.0,0.0,29,0,0
monte del rosario,Córdoba,CENTRO NORTE,2024-2025,1727.0,146.42105263157896,57,42,1
monte del rosario,Córdoba,CENTRO NORTE,2025-2026,1727.0,120.25,48,39,1
montecristo,Córdoba,CENTRO NORTE,2024-2025,591.0,68.9298245614035,57,39,1
montecristo,Córdoba,CENTRO NORTE,2025-2026,312.0,12.159090909090908,44,26,1
montes de oca,Santa Fe,CENTRO NORTE,2024-2025,0.0,0.0,1,0,0
montoya,Entre Ríos,LITORAL,2024-2025,38.0,1.7894736842105263,38,8,1
moreno,Santiago Del Estero,NEA,2025-2026,0.0,0.0,2,0,0
morse,Buenos Aires,CENTRO SUR,2024-2025,1.0,0.06382978723404255,47,3,0
morse,Buenos Aires,CENTRO SUR,2025-2026,0.0,0.0,45,0,0
morse junín,Buenos Aires,CENTRO SUR,2024-2025,0.0,0.0,9,0,0
morteros,Córdoba,CENTRO NORTE,2024-2025,141.0,17.283333333333335,60,24,1
morteros,Córdoba,CENTRO NORTE,2025-2026,252.0,30.32,50,27,1
mosconi,Salta,NOA,2024-2025,26.0,6.388888888888889,36,28,1
mosconi,Salta,NOA,2025-2026,34.0,6.354166666666667,48,28,1
málbran,Santiago Del Estero,NEA,2025-2026,0.0,0.0,1,0,0
máximo paz,Santa Fe,CENTRO SUR,2024-2025,152.0,13.69811320754717,53,15,1
máximo paz,Santa Fe,CENTRO SUR,2025-2026,152.0,6.111111111111111,36,16,1
nahuel,Uruguay,URUGUAY,2025-2026,1.0,0.5,2,1,0
nahuel cimarelli,,URUGUAY,2025-2026,1.0,1.0,2,2,0
nahuel cimarelli,Uruguay,URUGUAY,2025-2026,1.0,0.25,4,1,0
naré,Santa Fe,CENTRO NORTE,2025-2026,0.0,0.0,3,0,0
naschel,San Luis,CENTRO SUR,2024-2025,0.0,0.0,1,0,0
naschel,San Luís,CENTRO SUR,2024-2025,102.0,12.169811320754716,53,18,1
naschel,San Luís,CENTRO SUR,2025-2026,72.0,7.166666666666667,30,12,1
necochea,Buenos Aires,CENTRO SUR,2024-2025,1.0,0.008695652173913044,115,1,0
necochea,Buenos Aires,CENTRO SUR,2025-2026,0.0,0.0,62,0,0
nogoya,Entre Ríos,LITORAL,2024-2025,109.0,18.087719298245613,57,25,1
nogoya,Entre Ríos,LITORAL,2025-2026,162.0,13.297872340425531,47,13,1
nuestra señora de talavera,Salta,NOA,2024-2025,1106.0,98.25,44,12,1
nuestra señora de talavera,Salta,NOA,2025-2026,323.0,40.63636363636363,44,33,1
nueva esperanza,Santiago Del Estero,NOA,2024-2025,743.0,60.05357142857143,56,32,1
nueva esperanza,Santiago Del Estero,NOA,2025-2026,743.0,47.13636363636363,22,16,1
nueva galia,San Luís,CENTRO SUR,2024-2025,0.0,0.0,56,0,0
nueva galia,San Luís,CENTRO SUR,2025-2026,0.0,0.0,36,0,0
nueva helvecia,,URUGUAY,2025-2026,4.0,0.4444444444444444,9,1,0
nueva helvecia,Uruguay,URUGUAY,2025-2026,18.0,2.25,20,3,1
obispo trejo,Córdoba,CENTRO NORTE,2024-2025,10.0,1.2708333333333333,48,15,1
obispo trejo,Córdoba,CENTRO NORTE,2025-2026,5.0,1.1290322580645162,31,20,1
olivero,Santa Fe,CENTRO NORTE,2024-2025,0.0,0.0,5,0,0
ombues de oribe,Uruguay,URUGUAY,2025-2026,0.0,0.0,2,0,0
ombúes,Uruguay,URUGUAY,2025-2026,0.0,0.0,5,0,0
ordoñez,Córdoba,CENTRO SUR,2024-2025,2.0,0.11538461538461539,52,3,0
ordoñez,Córdoba,CENTRO SUR,2025-2026,4.0,0.18181818181818182,44,2,0
orense,Buenos Aires,CENTRO SUR,2024-2025,0.0,0.0,54,0,0
orense,Buenos Aires,CENTRO SUR,2025-2026,0.0,0.0,47,0,0
otumpa,Chaco,NEA,2025-2026,,,0,0,0
otumpa,Santiago Del Estero,NEA,2024-2025,35.0,2.8955223880597014,67,23,1
otumpa,Santiago Del Estero,NEA,2025-2026,6.0,3.0,11,8,1
otumpas,Santiago Del Estero,NEA,2024-2025,60.0,7.7105263157894735,38,10,1
otumpas,Santiago Del Estero,NEA,2025-2026,55.0,37.4,5,5,1
palmitas,,URUGUAY,2024-2025,1.0,0.3333333333333333,6,2,0
palmitas,,URUGUAY,2025-2026,0.0,0.0,9,0,0
palmitas,Uruguay,URUGUAY,2024-2025,1.0,0.034482758620689655,29,1,0
palmitas,Uruguay,URUGUAY,2025-2026,8.0,0.8888888888888888,18,3,1
palo blanco,Chaco,NEA,2025-2026,30.0,5.107142857142857,28,17,1
palpala,Jujuy,NOA,2024-2025,147.0,36.98039215686274,51,36,1
palpala,Jujuy,NOA,2025-2026,860.0,669.2,5,5,1
pampa,Chaco,NEA,2024-2025,1.0,1.0,1,1,0
pampa cejas,Chaco,NEA,2024-2025,1440.0,95.19565217391305,46,10,1
pampa cejas,Chaco,NEA,2025-2026,,,0,0,0
pampa de los guanacos,Chaco,NEA,2024-2025,3.0,0.20454545454545456,44,7,0
pampa de los guanacos,Santiago Del Estero,NEA,2024-2025,2600.0,243.45,40,33,1
pampa de los guanacos,Santiago Del Estero,NEA,2025-2026,2600.0,176.08510638297872,47,38,1
pampa del infierno,Chaco,NEA,2024-2025,512.0,11.713235294117647,136,81,1
pampa del infierno,Chaco,NEA,2025-2026,802.0,55.293103448275865,116,90,1
pampa pozo,Santiago Del Estero,NOA,2024-2025,1925.0,259.18333333333334,60,36,1
pampa pozo,Santiago Del Estero,NOA,2025-2026,1925.0,151.97297297297297,37,27,1
pampa toloza,Chaco,NEA,2024-2025,,,0,0,0
pampatoloza,Chaco,NEA,2024-2025,640.0,87.54545454545455,22,6,1
paraje fra pal,Buenos Aires,CENTRO SUR,2024-2025,0.0,0.0,57,0,0
paraje fra pal,Buenos Aires,CENTRO SUR,2025-2026,0.0,0.0,43,0,0
parana,Entre Ríos,LITORAL,2024-2025,357.0,94.21428571428571,42,30,1
parana,Entre Ríos,LITORAL,2025-2026,1023.0,85.22448979591837,49,21,1
paraná,Entre Ríos,LITORAL,2024-2025,0.0,0.0,9,0,0
pasman,Buenos Aires,CENTRO SUR,2024-2025,0.0,0.0,57,0,0
pasman,Buenos Aires,CENTRO SUR,2025-2026,0.0,0.0,50,0,0
paso de las piedras,Entre Ríos,LITORAL,2024-2025,126.0,17.017543859649123,57,24,1
paso de las piedras,Entre Ríos,LITORAL,2025-2026,434.0,21.7,50,22,1
pedro gamen,Buenos Aires,CENTRO SUR,2025-2026,0.0,0.0,23,0,0
pehuajó,Buenos Aires,CENTRO SUR,2024-2025,0.0,0.0,96,0,0
pehuajó,Buenos Aires,CENTRO SUR,2025-2026,4.0,0.057971014492753624,69,1,0
pergamino,Buenos Aires,CENTRO SUR,2024-2025,60.0,3.911392405063291,158,27,1
pergamino,Buenos Aires,CENTRO SUR,2025-2026,40.0,1.7181818181818183,110,14,1
perin,Formosa,NEA,2024-2025,218.0,54.696969696969695,33,31,1
perin,Formosa,NEA,2025-2026,241.0,48.41025641025641,39,36,1
peñarol,,URUGUAY,2025-2026,0.0,0.0,6,0,0
peñarol,Uruguay,URUGUAY,2025-2026,0.0,0.0,8,0,0
piaggio-2,Santa Fe,CENTRO NORTE,2024-2025,0.0,0.0,2,0,0
piamonte,Santa Fe,CENTRO NORTE,2024-2025,117.0,13.258620689655173,58,19,1
piamonte,Santa Fe,CENTRO NORTE,2025-2026,22.0,2.604651162790698,43,14,1
pichanal,Salta,NOA,2024-2025,300.0,39.301886792452834,53,44,1
pichanal,Salta,NOA,2025-2026,280.0,35.44444444444444,45,22,1
piedra buena,Tucumán,NOA,2024-2025,569.0,336.0,2,2,1
piedrabuena,Tucumán,NOA,2024-2025,569.0,49.96363636363636,55,28,1
piedrabuena,Tucumán,NOA,2025-2026,320.0,26.08695652173913,46,23,1
pigüé,Buenos Aires,CENTRO SUR,2024-2025,5.0,0.24528301886792453,53,5,1
pigüé,Buenos Aires,CENTRO SUR,2025-2026,0.0,0.0,49,0,0
piquete cabado,Salta,NOA,2024-2025,2680.0,247.14678899082568,109,79,1
piquete cabado,Salta,NOA,2025-2026,2680.0,319.2888888888889,90,67,1
piquillin,Córdoba,CENTRO NORTE,2024-2025,0.0,0.0,1,0,0
piquillin,Córdoba,CENTRO NORTE,2025-2026,738.0,124.44444444444444,9,8,1
piquillín,Córdoba,CENTRO NORTE,2024-2025,738.0,29.0188679245283,53,15,1
piquillín,Córdoba,CENTRO NORTE,2025-2026,738.0,22.048780487804876,41,19,1
pirovano,Buenos Aires,CENTRO SUR,2024-2025,0.0,0.0,50,0,0
pirovano,Buenos Aires,CENTRO SUR,2025-2026,0.0,0.0,50,0,0
piñeyro,Buenos Aires,CENTRO SUR,2024-2025,0.0,0.0,1,0,0
pozo de bedert,Santiago Del Estero,NOA,2024-2025,521.0,53.88636363636363,44,23,1
pozo de bedert,Santiago Del Estero,NOA,2025-2026,95.0,49.375,8,8,1
pozo de betbedert,Santiago Del Estero,NOA,2025-2026,521.0,280.5,2,2,1
pozo de toba,Santiago Del Estero,NEA,2025-2026,87.0,12.411764705882353,17,7,1
pozo del toba,Santiago Del Estero,NEA,2024-2025,35.0,4.382352941176471,34,11,1
pozo hondo,Santiago Del Estero,NOA,2024-2025,1820.0,58.1,60,27,1
pozo hondo,Santiago Del Estero,NOA,2025-2026,1820.0,121.80555555555556,36,30,1
pozodel toba,Santiago Del Estero,NEA,2024-2025,3.0,1.2,5,2,0
progreso,Santa Fe,CENTRO NORTE,2024-2025,268.0,40.526315789473685,57,21,1
progreso,Santa Fe,CENTRO NORTE,2025-2026,237.0,46.14,50,24,1
puan,Buenos Aires,CENTRO SUR,2024-2025,0.0,0.0,53,0,0
puan,Buenos Aires,CENTRO SUR,2025-2026,0.0,0.0,48,0,0
pueblo uranga,Santa Fe,CENTRO SUR,2024-2025,31.0,4.076923076923077,52,14,1
pueblo uranga,Santa Fe,CENTRO SUR,2025-2026,31.0,3.2285714285714286,35,6,1
pujato,Santa Fe,CENTRO SUR,2024-2025,27.0,4.552631578947368,38,12,1
pujato,Santa Fe,CENTRO SUR,2025-2026,19.0,2.1842105263157894,38,7,1
puna,Santiago Del Estero,NEA,2024-2025,0.0,0.0,27,0,0
puna,Santiago Del Estero,NEA,2025-2026,1100.0,63.16216216216216,37,22,1
punta agua,Córdoba,CENTRO SUR,2025-2026,0.0,0.0,3,0,0
punta del agua,Córdoba,CENTRO SUR,2024-2025,94.0,5.666666666666667,54,21,1
punta del agua,Córdoba,CENTRO SUR,2025-2026,94.0,10.166666666666666,18,9,1
pálpala,Jujuy,NOA,2024-2025,147.0,112.0,2,2,1
quemu quemu,La Pampa,CENTRO SUR,2024-2025,2.0,0.14634146341463414,41,3,0
quemu quemu,La Pampa,CENTRO SUR,2025-2026,0.0,0.0,6,0,0
quemú quemú,La Pampa,CENTRO SUR,2024-2025,3.0,0.17857142857142858,56,6,0
quemú quemú,La Pampa,CENTRO SUR,2025-2026,3.0,0.23404255319148937,47,6,0
quimili,Santiago Del Estero,NEA,2024-2025,2600.0,811.8333333333334,6,3,1
quimilí,Santiago Del Estero,NEA,2024-2025,2600.0,79.97727272727273,44,27,1
quimilí,Santiago Del Estero,NEA,2025-2026,2600.0,222.525,40,23,1
quines,San Luís,CENTRO SUR,2024-2025,718.0,43.47727272727273,44,18,1
quines,San Luís,CENTRO SUR,2025-2026,718.0,15.617021276595745,47,11,1
quitilipi,Chaco,NEA,2024-2025,481.0,11.186046511627907,43,1,1
rafael obligado,Buenos Aires,CENTRO SUR,2025-2026,0.0,0.0,21,0,0
rafaela,Santa Fe,CENTRO NORTE,2024-2025,1175.0,157.2,55,27,1
rafaela,Santa Fe,CENTRO NORTE,2025-2026,1175.0,103.35416666666667,48,22,1
ramallo,Buenos Aires,CENTRO SUR,2024-2025,4.0,0.35294117647058826,51,9,0
ramallo,Buenos Aires,CENTRO SUR,2025-2026,1.0,0.14285714285714285,21,3,0
ramayon,Santa Fe,NEA,2024-2025,0.0,0.0,6,0,0
ramayón,Santa Fe,NEA,2024-2025,1054.0,89.41176470588235,51,24,1
ramayón,Santa Fe,NEA,2025-2026,1054.0,59.22,50,33,1
rapelli,Tucumán,NOA,2024-2025,3290.0,245.67924528301887,53,44,1
rapelli,Tucumán,NOA,2025-2026,3290.0,110.56756756756756,37,21,1
rayo cortado,Córdoba,CENTRO NORTE,2024-2025,285.0,39.22222222222222,54,30,1
rayo cortado,Córdoba,CENTRO NORTE,2025-2026,186.0,20.851063829787233,47,39,1
reconquista,Santa Fe,NEA,2024-2025,1314.0,274.0,53,36,1
reconquista,Santa Fe,NEA,2025-2026,545.0,83.64,50,36,1
reduccion,Córdoba,CENTRO SUR,2024-2025,147.0,5.372549019607843,51,21,1
reduccion,Córdoba,CENTRO SUR,2025-2026,147.0,33.22222222222222,9,5,1
reducción,Córdoba,CENTRO SUR,2024-2025,147.0,41.44444444444444,9,9,1
reina juana,,URUGUAY,2025-2026,6.0,3.0,2,1,1
reina juana,Uruguay,URUGUAY,2025-2026,6.0,2.0,6,2,1
rincón de ávila,Santa Fe,CENTRO NORTE,2024-2025,286.0,53.851851851851855,54,22,1
rincón de ávila,Santa Fe,CENTRO NORTE,2025-2026,207.0,18.615384615384617,39,17,1
rio dulce,Santiago Del Estero,NEA,2024-2025,52.0,6.875,48,42,1
rio dulce,Santiago Del Estero,NEA,2025-2026,19.0,18.333333333333332,3,3,1
rio piedras,Salta,NOA,2024-2025,240.0,42.857142857142854,35,34,1
rio piedras,Salta,NOA,2025-2026,12.0,4.7894736842105265,19,19,1
rio seco,Córdoba,CENTRO SUR,2024-2025,295.0,27.392857142857142,56,17,1
rio seco,Córdoba,CENTRO SUR,2025-2026,220.0,55.333333333333336,12,9,1
rio segundo,Córdoba,CENTRO NORTE,2024-2025,1.0,1.0,1,1,0
rivadavia,Salta,NOA,2024-2025,368.0,37.54385964912281,57,48,1
rivadavia,Salta,NOA,2025-2026,1235.0,176.8421052631579,38,33,1
roberts,Buenos Aires,CENTRO SUR,2024-2025,3.0,0.05263157894736842,57,1,0
roberts,Buenos Aires,CENTRO SUR,2025-2026,3.0,0.12,50,2,0
rocha,,URUGUAY,2024-2025,0.0,0.0,2,0,0
rocha,Uruguay,URUGUAY,2024-2025,0.0,0.0,5,0,0
rolón,,URUGUAY,2024-2025,0.0,0.0,1,0,0
rolón,Uruguay,URUGUAY,2024-2025,0.0,0.0,5,0,0
rosario,,URUGUAY,2024-2025,6.0,2.8333333333333335,6,3,1
rosario,Uruguay,URUGUAY,2024-2025,6.0,1.5862068965517242,29,12,1
rosario de la frontera,Salta,NOA,2024-2025,18.0,2.707317073170732,41,23,1
rosello,Santiago Del Estero,NEA,2024-2025,13.0,1.391304347826087,46,16,1
rosello,Santiago Del Estero,NEA,2025-2026,13.0,6.5,2,1,1
roversi,Santiago Del Estero,NEA,2024-2025,816.0,97.42372881355932,59,32,1
roversi,Santiago Del Estero,NEA,2025-2026,1154.0,150.09756097560975,41,30,1
rumi punco,Tucumán,NOA,2024-2025,1530.0,118.46666666666667,60,57,1
rumi punco,Tucumán,NOA,2025-2026,1530.0,92.84,50,50,1
río ceballos,Córdoba,CENTRO NORTE,2024-2025,220.0,14.46808510638298,47,17,1
río ceballos,Córdoba,CENTRO NORTE,2025-2026,220.0,12.75,44,27,1
río colorado,Tucumán,NOA,2024-2025,286.0,34.483333333333334,60,39,1
río colorado,Tucumán,NOA,2025-2026,132.0,27.520833333333332,48,45,1
río segundo-,Córdoba,CENTRO NORTE,2024-2025,202.0,7.951219512195122,41,28,1
río segundo-,Córdoba,CENTRO NORTE,2025-2026,171.0,20.5,28,12,1
río segundo-t1,Córdoba,CENTRO NORTE,2024-2025,202.0,63.13333333333333,15,10,1
río segundo-t1,Córdoba,CENTRO NORTE,2025-2026,0.0,0.0,16,0,0
sacanta,Córdoba,CENTRO NORTE,2024-2025,11.0,1.4,40,13,1
sacanta,Córdoba,CENTRO NORTE,2025-2026,20.0,3.6666666666666665,33,14,1
sachayoj,Santiago Del Estero,NEA,2024-2025,481.0,37.64655172413793,116,36,1
sachayoj,Santiago Del Estero,NEA,2025-2026,480.0,24.91176470588235,68,48,1
saladero mariano cabal,Santa Fe,CENTRO NORTE,2024-2025,3.0,1.0,6,4,0
saladero mariano cabal,Santa Fe,CENTRO NORTE,2025-2026,8.0,3.125,8,4,1
salto,Buenos Aires,CENTRO SUR,2024-2025,0.0,0.0,56,0,0
salto,Buenos Aires,CENTRO SUR,2025-2026,2.0,0.14285714285714285,42,3,0
san agustín,Tucumán,NOA,2024-2025,200.0,38.5,60,48,1
san agustín,Tucumán,NOA,2025-2026,200.0,25.22,50,38,1
san andrés de giles,Buenos Aires,CENTRO SUR,2024-2025,1.0,0.07142857142857142,42,3,0
san andrés de giles,Buenos Aires,CENTRO SUR,2025-2026,0.0,0.0,6,0,0
san antonio de areco,Buenos Aires,CENTRO SUR,2024-2025,36.0,4.479166666666667,48,24,1
san antonio de areco,Buenos Aires,CENTRO SUR,2025-2026,36.0,2.1041666666666665,48,9,1
san bernardo,Chaco,NEA,2025-2026,26.0,1.2413793103448276,29,7,1
san bernardo,Santa Fe,CENTRO NORTE,2025-2026,72.0,26.4,15,12,1
san carlos norte,Santa Fe,CENTRO NORTE,2024-2025,5.0,0.5263157894736842,57,9,1
san carlos norte,Santa Fe,CENTRO NORTE,2025-2026,315.0,11.14,50,15,1
san fabián,Santa Fe,CENTRO NORTE,2024-2025,28.0,4.689655172413793,58,31,1
san fabián,Santa Fe,CENTRO NORTE,2025-2026,51.0,2.36734693877551,49,11,1
san fernando,Entre Ríos,LITORAL,2024-2025,30.0,4.4,45,18,1
san fernando,Entre Ríos,LITORAL,2025-2026,,,0,0,0
san francisco,Córdoba,CENTRO NORTE,2024-2025,2.0,0.3508771929824561,57,13,0
san francisco,Córdoba,CENTRO NORTE,2025-2026,12.0,0.6379310344827587,58,18,1
san guillermo,Santa Fe,CENTRO NORTE,2024-2025,611.0,121.43859649122807,57,27,1
san guillermo,Santa Fe,CENTRO NORTE,2025-2026,438.0,70.58,50,32,1
san javier,Santa Fe,NEA,2024-2025,2152.0,596.9090909090909,33,21,1
san javier,Santa Fe,NEA,2025-2026,983.0,56.224489795918366,49,29,1
san jerónimo norte,Santa Fe,CENTRO NORTE,2024-2025,244.0,32.05,60,27,1
san jerónimo norte,Santa Fe,CENTRO NORTE,2025-2026,1104.0,69.28,50,47,1
san jerónimo sur,Santa Fe,CENTRO SUR,2024-2025,34.0,3.3833333333333333,60,30,1
san jerónimo sur,Santa Fe,CENTRO SUR,2025-2026,7.0,1.3095238095238095,42,18,1
san jorge,Santa Fe,CENTRO NORTE,2024-2025,1.0,0.07692307692307693,52,4,0
san jorge,Santa Fe,CENTRO NORTE,2025-2026,1.0,0.04081632653061224,49,2,0
san justo,Santa Fe,CENTRO NORTE,2024-2025,572.0,100.02272727272727,44,30,1
san justo,Santa Fe,CENTRO NORTE,2025-2026,572.0,84.88636363636364,44,24,1
san justo,Santa Fe,CENTRO SUR,2024-2025,0.0,0.0,2,0,0
san justo,Santa Fe,NEA,2024-2025,1.0,0.1111111111111111,36,4,0
san luis,San Luís,CENTRO SUR,2024-2025,0.0,0.0,46,0,0
san luis,San Luís,CENTRO SUR,2025-2026,0.0,0.0,44,0,0
san martin,Buenos Aires,CENTRO SUR,2024-2025,1.0,0.2222222222222222,9,2,0
san martin de las escobas,Santa Fe,CENTRO NORTE,2024-2025,840.0,67.85,60,27,1
san martin de las escobas,Santa Fe,CENTRO NORTE,2025-2026,840.0,23.818181818181817,44,9,1
san martín,San Luís,CENTRO SUR,2024-2025,161.0,12.395833333333334,48,16,1
san martín,San Luís,CENTRO SUR,2025-2026,161.0,17.583333333333332,12,3,1
san miguel de arcángel,Buenos Aires,CENTRO SUR,2024-2025,1.0,0.05263157894736842,57,3,0
san miguel de arcángel,Buenos Aires,CENTRO SUR,2025-2026,0.0,0.0,50,0,0
san pedro,Buenos Aires,CENTRO SUR,2024-2025,36.0,5.7254901960784315,51,23,1
san pedro,Buenos Aires,CENTRO SUR,2025-2026,25.0,1.9130434782608696,46,12,1
san pedro de guasayán,Santiago Del Estero,NEA,2025-2026,35.0,6.769230769230769,13,13,1
san pedro de guasayán,Santiago Del Estero,NOA,2024-2025,644.0,46.264150943396224,53,47,1
san pedro de guasayán,Santiago Del Estero,NOA,2025-2026,644.0,60.36585365853659,41,38,1
san salvador,Entre Ríos,LITORAL,2025-2026,263.0,87.95652173913044,23,21,1
san vicente,Santa Fe,CENTRO NORTE,2024-2025,430.0,59.96666666666667,60,21,1
san vicente,Santa Fe,CENTRO NORTE,2025-2026,409.0,31.02,50,24,1
sanchez,,URUGUAY,2024-2025,0.0,0.0,3,0,0
sanchez,Uruguay,URUGUAY,2024-2025,1.0,0.10526315789473684,19,2,0
santa catalina,Córdoba,CENTRO NORTE,2024-2025,632.0,44.96491228070175,57,21,1
santa catalina,Córdoba,CENTRO NORTE,2025-2026,632.0,40.5,48,19,1
santa clara,Jujuy,NOA,2024-2025,68.0,10.156862745098039,51,36,1
santa clara,Jujuy,NOA,2025-2026,43.0,6.72,50,34,1
santa clara de saguier,Santa Fe,CENTRO NORTE,2024-2025,15.0,1.6181818181818182,55,12,1
santa clara de saguier,Santa Fe,CENTRO NORTE,2025-2026,8.0,0.7727272727272727,44,12,1
santa elena,Entre Ríos,LITORAL,2024-2025,1.0,0.1836734693877551,49,9,0
santa elena,Entre Ríos,LITORAL,2025-2026,313.0,25.05263157894737,38,14,1
santa margarina,Santa Fe,NEA,2025-2026,5.0,2.2222222222222223,9,4,1
santa margarita,Santa Fe,NEA,2025-2026,128.0,29.2,10,8,1
santa rosa,La Pampa,CENTRO SUR,2024-2025,0.0,0.0,55,0,0
santa rosa,La Pampa,CENTRO SUR,2025-2026,0.0,0.0,41,0,0
santa teresa capdevilla,Chaco,NEA,2024-2025,136.0,29.11111111111111,45,21,1
santa teresa capdevilla,Chaco,NEA,2025-2026,49.0,8.535714285714286,28,14,1
santo domingo,Salta,NOA,2024-2025,2320.0,189.23809523809524,42,21,1
santo domingo,Salta,NOA,2025-2026,2320.0,251.27083333333334,48,33,1
saravia,Salta,NOA,2024-2025,1540.0,163.98,50,24,1
saravia,Salta,NOA,2025-2026,1540.0,165.04255319148936,47,26,1
sastre,Santa Fe,CENTRO NORTE,2024-2025,2.0,0.41509433962264153,53,15,0
sastre,Santa Fe,CENTRO NORTE,2025-2026,4.0,0.8780487804878049,41,22,0
sauce,Corrientes,LITORAL,2024-2025,24.0,4.857142857142857,42,28,1
sauce,Corrientes,LITORAL,2025-2026,27.0,8.409090909090908,44,25,1
sauce pinto,Entre Ríos,LITORAL,2024-2025,357.0,10.4,35,8,1
sebastián el cano,Córdoba,CENTRO NORTE,2024-2025,291.0,51.98,50,41,1
sebastián el cano,Córdoba,CENTRO NORTE,2025-2026,251.0,19.416666666666668,36,20,1
sebastián elcano,Córdoba,CENTRO NORTE,2024-2025,144.0,144.0,1,1,1
sebastián elcano,Córdoba,CENTRO NORTE,2025-2026,1387.0,710.1111111111111,9,9,1
sin datos,Clucellas,SANTA FE,2025-2026,0.0,0.0,2,0,0
sin datos,Ing. Luiggi,LA PAMPA,2025-2026,0.0,0.0,2,0,0
sin datos,Máximo Paz,SANTA FE,2025-2026,4.0,3.0,2,2,0
sinsacate,Córdoba,CENTRO NORTE,2024-2025,143.0,17.70909090909091,55,31,1
sinsacate,Córdoba,CENTRO NORTE,2025-2026,22.0,5.022222222222222,45,35,1
soledad,Santa Fe,NEA,2024-2025,11.0,2.0961538461538463,52,21,1
soledad,Santa Fe,NEA,2025-2026,799.0,25.897959183673468,49,12,1
soledad12,Santa Fe,NEA,2024-2025,0.0,0.0,5,0,0
sotos cueva,Santiago Del Estero,NEA,2024-2025,900.0,129.26666666666668,30,12,1
sotos cueva,Santiago Del Estero,NEA,2025-2026,900.0,172.72727272727272,11,3,1
sotoscueva,Santiago Del Estero,NEA,2024-2025,0.0,0.0,5,0,0
sunchal,Tucumán,NOA,2025-2026,9.0,6.0,5,5,1
sur bordenave,Buenos Aires,CENTRO SUR,2024-2025,0.0,0.0,54,0,0
sur bordenave,Buenos Aires,CENTRO SUR,2025-2026,0.0,0.0,21,0,0
susana,Santa Fe,CENTRO NORTE,2024-2025,45.0,1.5333333333333334,45,3,1
susana,Santa Fe,CENTRO NORTE,2025-2026,45.0,6.321428571428571,28,15,1
sylvina,Chaco,NEA,2024-2025,147.0,22.4375,32,18,1
sylvina,Chaco,NEA,2025-2026,246.0,29.6,45,27,1
tacanas,Tucumán,NOA,2024-2025,310.0,42.65384615384615,52,28,1
tacanas,Tucumán,NOA,2025-2026,265.0,23.229166666666668,48,37,1
tacañitas,Santiago Del Estero,NEA,2024-2025,320.0,17.711111111111112,45,10,1
tacañitas,Santiago Del Estero,NEA,2025-2026,380.0,59.69047619047619,42,27,1
taco ralo,Tucumán,NOA,2024-2025,2005.0,81.01351351351352,74,65,1
taco ralo,Tucumán,NOA,2025-2026,2005.0,108.04,50,50,1
tala norte,Córdoba,CENTRO NORTE,2024-2025,39.0,4.208333333333333,48,21,1
tala norte,Córdoba,CENTRO NORTE,2025-2026,102.0,13.704545454545455,44,27,1
tala pozo,Tucumán,NOA,2025-2026,20.0,13.733333333333333,15,15,1
tancacha,Córdoba,CENTRO NORTE,2024-2025,35.0,3.3137254901960786,51,15,1
tancacha,Córdoba,CENTRO NORTE,2025-2026,35.0,3.021276595744681,47,18,1
tandil,Buenos Aires,CENTRO SUR,2024-2025,1.0,0.07142857142857142,42,3,0
tandil,Buenos Aires,CENTRO SUR,2025-2026,0.0,0.0,5,0,0
temas de rio hondo,Santiago Del Estero,NOA,2024-2025,25.0,25.0,1,1,1
temas de río hondo,Santiago Del Estero,NOA,2024-2025,25.0,7.2727272727272725,11,8,1
teodelina,Santa Fe,CENTRO SUR,2024-2025,4.0,0.04878048780487805,82,1,0
teodelina,Santa Fe,CENTRO SUR,2025-2026,4.0,0.43137254901960786,51,8,0
teodolina,Santa Fe,CENTRO SUR,2024-2025,0.0,0.0,25,0,0
termas de río hondo,Santiago Del Estero,NOA,2024-2025,371.0,70.5,36,18,1
termas de río hondo,Santiago Del Estero,NOA,2025-2026,603.0,26.636363636363637,44,21,1
termas r. hondo,Santiago Del Estero,NOA,2025-2026,1200.0,81.6,35,18,1
tierras del oeste,Santiago Del Estero,NEA,2024-2025,1598.0,208.8181818181818,44,20,1
tierras del oeste,Santiago Del Estero,NEA,2025-2026,1598.0,42.891304347826086,46,23,1
tierrasdeloeste,Santiago Del Estero,NEA,2024-2025,2.0,1.0,3,2,0
timbo viejo,Tucumán,NOA,2024-2025,2628.0,419.81666666666666,60,48,1
timbo viejo,Tucumán,NOA,2025-2026,2120.0,156.16,50,47,1
timbúes,Santa Fe,CENTRO SUR,2024-2025,27.0,2.2666666666666666,60,27,1
timbúes,Santa Fe,CENTRO SUR,2025-2026,114.0,5.340425531914893,47,27,1
tolloche,Salta,NOA,2024-2025,1202.0,134.4,50,35,1
tolloche,Salta,NOA,2025-2026,244.0,24.886363636363637,44,27,1
tomás young,Santiago Del Estero,NEA,2024-2025,1172.0,138.625,48,35,1
tomás young,Santiago Del Estero,NEA,2025-2026,1172.0,37.744680851063826,47,22,1
tosquita,Córdoba,CENTRO SUR,2024-2025,17.0,1.0566037735849056,53,6,1
tosquita,Córdoba,CENTRO SUR,2025-2026,17.0,2.0,29,12,1
trancas,Tucumán,NOA,2024-2025,439.0,66.26666666666667,60,36,1
trancas,Tucumán,NOA,2025-2026,439.0,26.72093023255814,43,28,1
treinta de agosto,Buenos Aires,CENTRO SUR,2024-2025,3.0,0.05263157894736842,57,1,0
treinta de agosto,Buenos Aires,CENTRO SUR,2025-2026,3.0,0.5454545454545454,11,2,0
trenque lauquen,Buenos Aires,CENTRO SUR,2024-2025,3.0,0.3,60,9,0
trenque lauquen,Buenos Aires,CENTRO SUR,2025-2026,1.0,0.06818181818181818,44,3,0
tres arroyos,Buenos Aires,CENTRO SUR,2024-2025,0.0,0.0,56,0,0
tres arroyos,Buenos Aires,CENTRO SUR,2025-2026,0.0,0.0,47,0,0
tres isletas,Chaco,NEA,2024-2025,475.0,19.955555555555556,90,74,1
tres isletas,Chaco,NEA,2025-2026,180.0,22.68235294117647,85,84,1
tusquita,Tucumán,NOA,2025-2026,110.0,18.608695652173914,23,8,1
urdinarrain,Entre Ríos,LITORAL,2024-2025,83.0,24.285714285714285,21,12,1
urdinarrain,Entre Ríos,LITORAL,2025-2026,83.0,3.5319148936170213,47,13,1
urundel,Salta,NOA,2024-2025,1280.0,110.80357142857143,56,38,1
urundel,Salta,NOA,2025-2026,701.0,29.325,40,25,1
vedia,Buenos Aires,CENTRO SUR,2024-2025,4.0,0.08620689655172414,58,2,0
vedia,Buenos Aires,CENTRO SUR,2025-2026,6.0,1.3,20,5,1
venado tuerto,Santa Fe,CENTRO SUR,2024-2025,28.0,0.8909090909090909,55,7,1
venado tuerto,Santa Fe,CENTRO SUR,2025-2026,28.0,1.3333333333333333,42,2,1
vera y pintado,Santa Fe,NEA,2024-2025,490.0,58.38,50,26,1
vera y pintado,Santa Fe,NEA,2025-2026,490.0,32.829787234042556,47,24,1
vergara,,URUGUAY,2024-2025,0.0,0.0,1,0,0
vergara,Uruguay,URUGUAY,2024-2025,0.0,0.0,12,0,0
vg otumpa,Santiago Del Estero,NEA,2024-2025,0.0,0.0,5,0,0
viale,Entre Ríos,LITORAL,2024-2025,5.0,0.6,55,21,1
viale,Entre Ríos,LITORAL,2025-2026,2.0,0.5319148936170213,47,19,0
viboras,Buenos Aires,CENTRO SUR,2024-2025,0.0,0.0,54,0,0
viboras,Buenos Aires,CENTRO SUR,2025-2026,0.0,0.0,43,0,0
viclos,Tucumán,NOA,2024-2025,92.0,7.595744680851064,47,24,1
viclos,Tucumán,NOA,2025-2026,245.0,39.333333333333336,42,38,1
victoria,Entre Ríos,LITORAL,2024-2025,413.0,15.245283018867925,53,22,1
victoria,Entre Ríos,LITORAL,2025-2026,7.0,1.608695652173913,46,21,1
vicuña mackenna,Córdoba,CENTRO SUR,2024-2025,15.0,1.5862068965517242,58,25,1
vicuña mackenna,Córdoba,CENTRO SUR,2025-2026,7.0,1.0,45,19,1
videla,Santa Fe,CENTRO NORTE,2025-2026,2.0,0.8571428571428571,7,4,0
vila,Santa Fe,CENTRO NORTE,2024-2025,222.0,42.85,60,24,1
vila,Santa Fe,CENTRO NORTE,2025-2026,385.0,37.34,50,30,1
villa angela,Chaco,NEA,2024-2025,49.0,27.666666666666668,9,8,1
villa angela,Chaco,NEA,2025-2026,89.0,16.09090909090909,44,32,1
villa cañas,Santa Fe,CENTRO SUR,2024-2025,0.0,0.0,47,0,0
villa cañas,Santa Fe,CENTRO SUR,2025-2026,0.0,0.0,9,0,0
villa de maria,Córdoba,CENTRO NORTE,2024-2025,148.0,19.024390243902438,41,12,1
villa de maria,Córdoba,CENTRO NORTE,2025-2026,137.0,9.81578947368421,38,16,1
villa de maría,Córdoba,CENTRO NORTE,2024-2025,0.0,0.0,3,0,0
villa de maría,Córdoba,CENTRO NORTE,2025-2026,1.0,0.5,2,1,0
villa fontana,Córdoba,CENTRO NORTE,2025-2026,480.0,23.96,25,9,1
villa general savio,Buenos Aires,CENTRO SUR,2024-2025,2.0,0.14814814814814814,54,6,0
villa general savio,Buenos Aires,CENTRO SUR,2025-2026,2.0,0.2978723404255319,47,8,0
villa hernandarias,Entre Ríos,LITORAL,2024-2025,84.0,12.456140350877194,57,24,1
villa hernandarias,Entre Ríos,LITORAL,2025-2026,484.0,43.38,50,15,1
villa lila,Entre Ríos,LITORAL,2024-2025,112.0,8.244897959183673,49,18,1
villa lila,Entre Ríos,LITORAL,2025-2026,4.0,1.4285714285714286,7,5,0
villa mantero,Entre Ríos,LITORAL,2025-2026,2530.0,278.7826086956522,23,15,1
villa maría,Córdoba,CENTRO NORTE,2024-2025,47.0,1.8518518518518519,54,4,1
villa maría,Córdoba,CENTRO NORTE,2025-2026,47.0,3.292682926829268,41,9,1
villa maría,Córdoba,CENTRO SUR,2024-2025,68.0,12.255813953488373,43,18,1
villa maría,Córdoba,CENTRO SUR,2025-2026,26.0,1.6595744680851063,47,9,1
villa minetti,Santa Fe,NEA,2024-2025,2080.0,201.04444444444445,90,46,1
villa minetti,Santa Fe,NEA,2025-2026,730.0,34.8433734939759,83,36,1
villa mugueta,Santa Fe,CENTRO SUR,2024-2025,9.0,0.8305084745762712,59,9,1
villa mugueta,Santa Fe,CENTRO SUR,2025-2026,9.0,0.9534883720930233,43,6,1
villa saralegui,Santa Fe,NEA,2024-2025,85.0,9.954545454545455,44,21,1
villa sarlegui,Santa Fe,NEA,2024-2025,0.0,0.0,5,0,0
villa sta. rosa,Córdoba,CENTRO NORTE,2024-2025,422.0,67.03508771929825,57,33,1
villa sta. rosa,Córdoba,CENTRO NORTE,2025-2026,284.0,25.64,50,27,1
villa trinidad,Santa Fe,CENTRO NORTE,2024-2025,37.0,4.394736842105263,38,8,1
villa valeria,Córdoba,CENTRO SUR,2024-2025,6.0,0.18421052631578946,114,8,1
villa valeria,Córdoba,CENTRO SUR,2025-2026,6.0,0.10588235294117647,85,4,1
villada,Santa Fe,CENTRO SUR,2024-2025,53.0,7.160714285714286,56,15,1
villada,Santa Fe,CENTRO SUR,2025-2026,53.0,2.25531914893617,47,9,1
vinará,Santiago Del Estero,NOA,2024-2025,603.0,48.36363636363637,55,55,1
vinará,Santiago Del Estero,NOA,2025-2026,603.0,50.765957446808514,47,44,1
virasoro,Corrientes,LITORAL,2024-2025,782.0,28.857142857142858,42,31,1
virasoro,Corrientes,LITORAL,2025-2026,28.0,6.94,50,35,1
vsaralegui,Santa Fe,NEA,2024-2025,0.0,0.0,1,0,0
víboras,Buenos Aires,CENTRO SUR,2025-2026,0.0,0.0,3,0,0
weisburd,Santiago Del Estero,NEA,2024-2025,1900.0,64.81188118811882,101,57,1
weisburd,Santiago Del Estero,NEA,2025-2026,1900.0,110.8688524590164,61,46,1
wheelright,Santa Fe,CENTRO SUR,2024-2025,22.0,0.41509433962264153,53,1,1
wheelright,Santa Fe,CENTRO SUR,2025-2026,22.0,1.0,46,4,1
winifreda,La Pampa,CENTRO SUR,2025-2026,0.0,0.0,16,0,0
young,,URUGUAY,2024-2025,0.0,0.0,4,0,0
young,,URUGUAY,2025-2026,16.0,6.285714285714286,7,6,1
young,Uruguay,URUGUAY,2024-2025,2.0,0.6,45,16,0
young,Uruguay,URUGUAY,2025-2026,446.0,52.578947368421055,19,13,1
zavalla,Santa Fe,CENTRO SUR,2024-2025,61.0,8.466666666666667,60,22,1
zavalla,Santa Fe,CENTRO SUR,2025-2026,117.0,8.872340425531915,47,19,1
zavalía,Buenos Aires,CENTRO SUR,2024-2025,0.0,0.0,51,0,0
zavalía,Buenos Aires,CENTRO SUR,2025-2026,0.0,0.0,23,0,0
álvarez,Santa Fe,CENTRO SUR,2024-2025,20.0,4.2631578947368425,57,25,1
álvarez,Santa Fe,CENTRO SUR,2025-2026,20.0,1.8666666666666667,45,27,1
árbol blanco,Santiago Del Estero,NEA,2024-2025,0.0,0.0,1,0,0
